Unidad;Tipo de Gasto;Referencia;Operacion;Código recurso; Compromiso ; Valor pago 
01 - ADMINISTRATIVA Y FINANCIERA;2.1.1 Gastos de Personal;NOMINAS - PERSONAL DE PLANTA;LIQUIDACIÓN DE NÓMINA PERSONAL DE PLANTA;10; $ 159,298,091,839 ; $ 84,302,483,549 
01 - ADMINISTRATIVA Y FINANCIERA;2.1.1 Gastos de Personal;NOMINAS - TEMPORALES;LIQUIDACION DE NOMINA TEMPORAL DOCENTES OCASIONALES;10; $ 91,833,342,269 ; $ 48,599,319,279 
01 - ADMINISTRATIVA Y FINANCIERA;2.1.1 Gastos de Personal;APORTES - PERSONAL DE PLANTA;LIQUIDACION DE APORTES PATRONALES;10; $ 48,618,152,194 ; $ 25,729,316,203 
01 - ADMINISTRATIVA Y FINANCIERA;2.1.1 Gastos de Personal;APORTES - TEMPORALES;LIQUIDACION DE APORTES PATRONALES;10; $ 31,582,164,000 ; $ 16,713,664,491 
01 - ADMINISTRATIVA Y FINANCIERA;2.1.1 Gastos de Personal;NOMINAS - TEMPORALES;LIQUIDACION DE NOMINA TEMPORAL DOCENTES CATEDRATICOS;10; $ 8,537,860,761 ; $ 4,518,339,536 
01 - ADMINISTRATIVA Y FINANCIERA;2.1.1 Gastos de Personal;NOMINAS - TEMPORALES;LIQUIDACION DE NOMINA TEMPORAL SUPERNUMERARIOS;10; $ 1,701,009,617 ; $ 900,194,934 
01 - ADMINISTRATIVA Y FINANCIERA;2.1.1 Gastos de Personal;GASTOS DIRECTOS - LIQUIDACIONES;RIESGOS ESTUDIANTES PREGRADO;10; $ 371,585,015 ; $ 196,647,300 
01 - ADMINISTRATIVA Y FINANCIERA;2.1.1 Gastos de Personal;GASTOS DIRECTOS - LIQUIDACIONES;SALUD ESTUDIANTES MEDICINA FAMILIAR;10; $ 133,603,701 ; $ 70,704,700 
01 - ADMINISTRATIVA Y FINANCIERA;2.1.1 Gastos de Personal;GASTOS DIRECTOS - LIQUIDACIONES;RIESGOS IV Y V CONTRATISTAS;10; $ 67,117,886 ; $ 35,519,600 
01 - ADMINISTRATIVA Y FINANCIERA;2.1.1 Gastos de Personal;GASTOS DIRECTOS - LIQUIDACIONES;RIESGOS ESTUDIANTES MEDICINA FAMILIAR;10; $ 26,061,572 ; $ 13,792,100 
01 - ADMINISTRATIVA Y FINANCIERA;2.1.1 Gastos de Personal;NOMINAS - PERSONAL DE PLANTA;LIQUIDACIÓN DE NÓMINA PERSONAL DE PLANTA;10.5; $ 8,760,819,839 ; $ 4,636,332,186 
01 - ADMINISTRATIVA Y FINANCIERA;2.1.1 Gastos de Personal;APORTES - PERSONAL DE PLANTA;LIQUIDACION DE APORTES PATRONALES;10.5; $ 6,593,784,264 ; $ 3,489,510,659 
01 - ADMINISTRATIVA Y FINANCIERA;2.1.1 Gastos de Personal;APORTES - TEMPORALES;LIQUIDACION DE APORTES PATRONALES;10.5; $ 2,133,794,654 ; $ 1,129,230,028 
01 - ADMINISTRATIVA Y FINANCIERA;2.1.1 Gastos de Personal;NOMINAS - TEMPORALES;LIQUIDACION DE NOMINA TEMPORAL DOCENTES CATEDRATICOS;10.5; $ 146,107,278 ; $ 77,321,745 
01 - ADMINISTRATIVA Y FINANCIERA;2.1.1 Gastos de Personal;NOMINAS - TEMPORALES;LIQUIDACION DE NOMINA TEMPORAL DOCENTES OCASIONALES;14; $ 93,951,963 ; $ 49,720,519 
01 - ADMINISTRATIVA Y FINANCIERA;2.1.1 Gastos de Personal;NOMINAS - TEMPORALES;LIQUIDACION DE NOMINA TEMPORAL DOCENTES CATEDRATICOS;14; $ 4,512,795 ; $ 2,388,226 
01 - ADMINISTRATIVA Y FINANCIERA;2.1.1 Gastos de Personal;NOMINAS - TEMPORALES;LIQUIDACION DE NOMINA TEMPORAL SUPERNUMERARIOS;14; $ 4,206,848 ; $ 2,226,315 
01 - ADMINISTRATIVA Y FINANCIERA;2.1.1 Gastos de Personal;NOMINAS - PERSONAL DE PLANTA;LIQUIDACIÓN DE NÓMINA PERSONAL DE PLANTA;17; $ 7,303,710,245 ; $ 3,865,212,104 
01 - ADMINISTRATIVA Y FINANCIERA;2.1.1 Gastos de Personal;APORTES - TEMPORALES;LIQUIDACION DE APORTES PATRONALES;17; $ 1,152,593,181 ; $ 609,966,300 
01 - ADMINISTRATIVA Y FINANCIERA;2.1.1 Gastos de Personal;NOMINAS - TEMPORALES;LIQUIDACION DE NOMINA TEMPORAL DOCENTES CATEDRATICOS;17; $ 112,382,608 ; $ 59,474,240 
01 - ADMINISTRATIVA Y FINANCIERA;2.1.1 Gastos de Personal;NOMINAS - TEMPORALES;LIQUIDACION DE NOMINA TEMPORAL DOCENTES OCASIONALES;17; $ 20,262,653 ; $ 10,723,242 
01 - ADMINISTRATIVA Y FINANCIERA;2.1.1 Gastos de Personal;NOMINAS - TEMPORALES;LIQUIDACION DE NOMINA TEMPORAL SUPERNUMERARIOS;17; $ 13,383,293 ; $ 7,082,601 
01 - ADMINISTRATIVA Y FINANCIERA;2.1.1 Gastos de Personal;APORTES - PERSONAL DE PLANTA;LIQUIDACION DE APORTES PATRONALES;18; $ 578,754,134 ; $ 306,283,712 
01 - ADMINISTRATIVA Y FINANCIERA;2.1.1 Gastos de Personal;NOMINAS - PERSONAL DE PLANTA;LIQUIDACIÓN DE NÓMINA PERSONAL DE PLANTA;20; $ 557,813,265 ; $ 295,201,550 
01 - ADMINISTRATIVA Y FINANCIERA;2.1.1 Gastos de Personal;NOMINAS - TEMPORALES;LIQUIDACION DE NOMINA TEMPORAL DOCENTES OCASIONALES;20; $ 4,820,075 ; $ 2,550,842 
01 - ADMINISTRATIVA Y FINANCIERA;2.1.1 Gastos de Personal;NOMINAS - TEMPORALES;LIQUIDACION DE NOMINA TEMPORAL SUPERNUMERARIOS;20; $ 547,913 ; $ 289,962 
01 - ADMINISTRATIVA Y FINANCIERA;2.1.2 Gastos de Funcionamiento;LIQUIDACIÓN DE INVITACIÓN;APOYO PARTICIPACION EVENTOS ACADEMICOS;10; $ 538,285,633 ; $ 33,944,597 
06 - CIENCIAS ECONOMICAS, ADMINISTRATIVAS Y CONTABLES;2.1.2 Gastos de Funcionamiento;LIQUIDACIÓN DE INVITACIÓN;APOYO PARTICIPACION EVENTOS ACADEMICOS;20; $ 12,031,682 ; $ 9,700,000 
04 - CIENCIAS DE LA EDUCACION;2.1.2 Gastos de Funcionamiento;LIQUIDACIÓN DE INVITACIÓN;APOYO PARTICIPACION EVENTOS ACADEMICOS;20; $ 3,719,898 ; $ 2,999,000 
14 - SECCIONAL CHIQUINQUIRA;2.1.2 Gastos de Funcionamiento;LIQUIDACIÓN DE INVITACIÓN;APOYO PARTICIPACION EVENTOS ACADEMICOS;20; $ 3,100,949 ; $ -   
05 - CIENCIAS BASICAS;2.1.2 Gastos de Funcionamiento;LIQUIDACIÓN DE INVITACIÓN;APOYO PARTICIPACION EVENTOS ACADEMICOS;20; $ 2,976,911 ; $ 2,400,000 
10 - DERECHO Y CIENCIAS SOCIALES;2.1.2 Gastos de Funcionamiento;LIQUIDACIÓN DE INVITACIÓN;APOYO PARTICIPACION EVENTOS ACADEMICOS;20; $ 620,190 ; $ 500,000 
04 - CIENCIAS DE LA EDUCACION;2.1.2 Gastos de Funcionamiento;LIQUIDACIÓN DE INVITACIÓN;APOYO PARTICIPACION EVENTOS ACADEMICOS;31; $ 247,389,009 ; $ 162,238,247 
06 - CIENCIAS ECONOMICAS, ADMINISTRATIVAS Y CONTABLES;2.1.2 Gastos de Funcionamiento;LIQUIDACIÓN DE INVITACIÓN;APOYO PARTICIPACION EVENTOS ACADEMICOS;31; $ 85,114,126 ; $ 53,474,709 
13 - SECCIONAL SOGAMOSO;2.1.2 Gastos de Funcionamiento;LIQUIDACIÓN DE INVITACIÓN;APOYO PARTICIPACION EVENTOS ACADEMICOS;31; $ 48,050,688 ; $ 38,738,696 
05 - CIENCIAS BASICAS;2.1.2 Gastos de Funcionamiento;LIQUIDACIÓN DE INVITACIÓN;APOYO PARTICIPACION EVENTOS ACADEMICOS;31; $ 18,616,560 ; $ 12,507,518 
01 - ADMINISTRATIVA Y FINANCIERA;2.1.2 Gastos de Funcionamiento;LIQUIDACIÓN DE INVITACIÓN;APOYO PARTICIPACION EVENTOS ACADEMICOS;31; $ 15,771,633 ; $ 12,715,166 
11 - ESTUDIOS TECNOLOGICOS Y A DISTANCIA;2.1.2 Gastos de Funcionamiento;LIQUIDACIÓN DE INVITACIÓN;APOYO PARTICIPACION EVENTOS ACADEMICOS;31; $ 14,041,097 ; $ 10,920,000 
10 - DERECHO Y CIENCIAS SOCIALES;2.1.2 Gastos de Funcionamiento;LIQUIDACIÓN DE INVITACIÓN;APOYO PARTICIPACION EVENTOS ACADEMICOS;31; $ 8,434,581 ; $ 6,800,000 
08 - CIENCIAS AGROPECUARIAS;2.1.2 Gastos de Funcionamiento;LIQUIDACIÓN DE INVITACIÓN;APOYO PARTICIPACION EVENTOS ACADEMICOS;31; $ 6,202,295 ; $ 5,000,320 
04 - CIENCIAS DE LA EDUCACION;2.1.2 Gastos de Funcionamiento;LIQUIDACIÓN DE INVITACIÓN;APOYO PARTICIPACION EVENTOS ACADEMICOS;33; $ 27,538,212 ; $ 17,495,563 
06 - CIENCIAS ECONOMICAS, ADMINISTRATIVAS Y CONTABLES;2.1.2 Gastos de Funcionamiento;LIQUIDACIÓN DE INVITACIÓN;APOYO PARTICIPACION EVENTOS ACADEMICOS;33; $ 1,984,607 ; $ 1,600,000 
04 - CIENCIAS DE LA EDUCACION;2.1.2 Gastos de Funcionamiento;LIQUIDACIÓN DE INVITACIÓN;APOYO PARTICIPACION EVENTOS ACADEMICOS;34; $ 60,545,176 ; $ 46,505,709 
10 - DERECHO Y CIENCIAS SOCIALES;2.1.2 Gastos de Funcionamiento;LIQUIDACIÓN DE INVITACIÓN;APOYO PARTICIPACION EVENTOS ACADEMICOS;35; $ 35,164,762 ; $ 23,370,000 
01 - ADMINISTRATIVA Y FINANCIERA;2.1.2 Gastos de Funcionamiento;ORDENES DE SERVICIOS;ARRENDAMIENTO DE BIENES INMUEBLES;10; $ 746,631,367 ; $ 293,274,200 
01 - ADMINISTRATIVA Y FINANCIERA;2.1.2 Gastos de Funcionamiento;ORDENES DE SERVICIOS;ARRENDAMIENTO DE BIENES INMUEBLES;10.1; $ 11,907,644 ; $ -   
01 - ADMINISTRATIVA Y FINANCIERA;2.1.2 Gastos de Funcionamiento;ORDENES DE SERVICIOS;ARRENDAMIENTO DE BIENES INMUEBLES;13; $ 428,915,575 ; $ 213,295,800 
01 - ADMINISTRATIVA Y FINANCIERA;2.1.2 Gastos de Funcionamiento;ORDENES DE SERVICIOS;ARRENDAMIENTO DE BIENES INMUEBLES;14; $ 1,302,759,778 ; $ 506,088,800 
01 - ADMINISTRATIVA Y FINANCIERA;2.1.2 Gastos de Funcionamiento;CONTRATOS;ARRENDAMIENTO DE BIENES INMUEBLES;14; $ 148,879,786 ; $ 43,646,400 
04 - CIENCIAS DE LA EDUCACION;2.1.2 Gastos de Funcionamiento;ORDENES DE SERVICIOS;ARRENDAMIENTO DE BIENES INMUEBLES;31; $ 16,124,935 ; $ -   
13 - SECCIONAL SOGAMOSO;2.1.2 Gastos de Funcionamiento;ORDENES DE SERVICIOS;ARRENDAMIENTO DE BIENES INMUEBLES;31; $ 5,705,746 ; $ 4,600,000 
02 - INVESTIGACION Y EXTENSION;2.1.2 Gastos de Funcionamiento;ORDENES DE SERVICIOS;ARRENDAMIENTO DE BIENES INMUEBLES;33; $ 11,163,416 ; $ 7,500,000 
13 - SECCIONAL SOGAMOSO;2.1.2 Gastos de Funcionamiento;ORDENES DE SERVICIOS;ARRENDAMIENTO DE BIENES MUEBLES;33; $ 89,232,908 ; $ 71,940,000 
01 - ADMINISTRATIVA Y FINANCIERA;2.1.2 Gastos de Funcionamiento;AVANCES;AVANCE DE BIENES Y SERVICIOS;10; $ 3,581,257 ; $ 2,858,640 
01 - ADMINISTRATIVA Y FINANCIERA;2.1.2 Gastos de Funcionamiento;AVANCES;AVANCE DE BIENES Y SERVICIOS;17; $ 1,002,227 ; $ -   
09 - INGENIERIA;2.1.2 Gastos de Funcionamiento;AVANCES;AVANCE DE BIENES Y SERVICIOS;20; $ 15,014,444 ; $ 12,104,717 
01 - ADMINISTRATIVA Y FINANCIERA;2.1.2 Gastos de Funcionamiento;AVANCES;AVANCE DE BIENES Y SERVICIOS;20; $ 5,864,330 ; $ 800,000 
06 - CIENCIAS ECONOMICAS, ADMINISTRATIVAS Y CONTABLES;2.1.2 Gastos de Funcionamiento;AVANCES;AVANCE DE BIENES Y SERVICIOS;20; $ 4,413,688 ; $ 2,136,709 
01 - ADMINISTRATIVA Y FINANCIERA;2.1.2 Gastos de Funcionamiento;AVANCES;AVANCE DE BIENES Y SERVICIOS;31; $ 67,117,870 ; $ 4,681,041 
09 - INGENIERIA;2.1.2 Gastos de Funcionamiento;AVANCES;AVANCE DE BIENES Y SERVICIOS;31; $ 14,179,222 ; $ 11,431,357 
06 - CIENCIAS ECONOMICAS, ADMINISTRATIVAS Y CONTABLES;2.1.2 Gastos de Funcionamiento;AVANCES;AVANCE DE BIENES Y SERVICIOS;31; $ 13,703,731 ; $ 11,048,014 
11 - ESTUDIOS TECNOLOGICOS Y A DISTANCIA;2.1.2 Gastos de Funcionamiento;AVANCES;AVANCE DE BIENES Y SERVICIOS;31; $ 3,187,109 ; $ 2,569,463 
13 - SECCIONAL SOGAMOSO;2.1.2 Gastos de Funcionamiento;AVANCES;AVANCE DE BIENES Y SERVICIOS;31; $ 1,314,163 ; $ 1,059,485 
02 - INVESTIGACION Y EXTENSION;2.1.2 Gastos de Funcionamiento;AVANCES;AVANCE DE BIENES Y SERVICIOS;34; $ 2,458,909 ; $ 1,982,384 
13 - SECCIONAL SOGAMOSO;2.1.2 Gastos de Funcionamiento;COMISIONES DE PERSONAL;COMISIÓN ACTIVIDADES COMPLEMENTARIAS;20; $ 181,915,177 ; $ 136,698,716 
04 - CIENCIAS DE LA EDUCACION;2.1.2 Gastos de Funcionamiento;COMISIONES DE PERSONAL;COMISIÓN ACTIVIDADES COMPLEMENTARIAS;20; $ 90,478,733 ; $ 69,950,778 
12 - SECCIONAL DUITAMA;2.1.2 Gastos de Funcionamiento;COMISIONES DE PERSONAL;COMISIÓN ACTIVIDADES COMPLEMENTARIAS;20; $ 77,386,773 ; $ 60,078,720 
08 - CIENCIAS AGROPECUARIAS;2.1.2 Gastos de Funcionamiento;COMISIONES DE PERSONAL;COMISIÓN ACTIVIDADES COMPLEMENTARIAS;20; $ 40,165,616 ; $ 32,381,713 
05 - CIENCIAS BASICAS;2.1.2 Gastos de Funcionamiento;COMISIONES DE PERSONAL;COMISIÓN ACTIVIDADES COMPLEMENTARIAS;20; $ 35,633,655 ; $ 28,170,207 
09 - INGENIERIA;2.1.2 Gastos de Funcionamiento;COMISIONES DE PERSONAL;COMISIÓN ACTIVIDADES COMPLEMENTARIAS;20; $ 22,497,314 ; $ 17,819,306 
11 - ESTUDIOS TECNOLOGICOS Y A DISTANCIA;2.1.2 Gastos de Funcionamiento;COMISIONES DE PERSONAL;COMISIÓN ACTIVIDADES COMPLEMENTARIAS;20; $ 14,872,406 ; $ 11,990,205 
06 - CIENCIAS ECONOMICAS, ADMINISTRATIVAS Y CONTABLES;2.1.2 Gastos de Funcionamiento;COMISIONES DE PERSONAL;COMISIÓN ACTIVIDADES COMPLEMENTARIAS;20; $ 11,374,718 ; $ 9,170,352 
10 - DERECHO Y CIENCIAS SOCIALES;2.1.2 Gastos de Funcionamiento;COMISIONES DE PERSONAL;COMISIÓN ACTIVIDADES COMPLEMENTARIAS;20; $ 9,912,353 ; $ 6,417,502 
14 - SECCIONAL CHIQUINQUIRA;2.1.2 Gastos de Funcionamiento;COMISIONES DE PERSONAL;COMISIÓN ACTIVIDADES COMPLEMENTARIAS;20; $ 7,693,855 ; $ 6,202,823 
07 - CIENCIAS DE LA SALUD;2.1.2 Gastos de Funcionamiento;COMISIONES DE PERSONAL;COMISIÓN ACTIVIDADES COMPLEMENTARIAS;20; $ 4,215,645 ; $ 2,720,447 
04 - CIENCIAS DE LA EDUCACION;2.1.2 Gastos de Funcionamiento;COMISIONES DE PERSONAL;COMISIÓN ACTIVIDADES COMPLEMENTARIAS;31; $ 3,144,755 ; $ 2,316,074 
13 - SECCIONAL SOGAMOSO;2.1.2 Gastos de Funcionamiento;COMISIONES DE PERSONAL;COMISIÓN ACTIVIDADES COMPLEMENTARIAS;31; $ 2,911,583 ; $ 1,566,900 
08 - CIENCIAS AGROPECUARIAS;2.1.2 Gastos de Funcionamiento;COMISIONES DE PERSONAL;COMISIÓN ACTIVIDADES COMPLEMENTARIAS;31; $ 1,942,690 ; $ 1,002,346 
05 - CIENCIAS BASICAS;2.1.2 Gastos de Funcionamiento;COMISIONES DE PERSONAL;COMISIÓN ACTIVIDADES COMPLEMENTARIAS;31; $ 815,834 ; $ 657,729 
07 - CIENCIAS DE LA SALUD;2.1.2 Gastos de Funcionamiento;COMISIONES DE PERSONAL;COMISIÓN ACTIVIDADES COMPLEMENTARIAS;31; $ 301,859 ; $ -   
10 - DERECHO Y CIENCIAS SOCIALES;2.1.2 Gastos de Funcionamiento;COMISIONES DE PERSONAL;COMISIÓN ACTIVIDADES COMPLEMENTARIAS;31; $ 301,859 ; $ -   
08 - CIENCIAS AGROPECUARIAS;2.1.2 Gastos de Funcionamiento;COMISIONES DE PERSONAL;COMISIÓN ACTIVIDADES COMPLEMENTARIAS;33; $ 895,290 ; $ -   
01 - ADMINISTRATIVA Y FINANCIERA;2.1.2 Gastos de Funcionamiento;COMISIONES DE PERSONAL;COMISIÓN DE SERVICIOS AL EXTERIOR;10; $ 22,496,929 ; $ 19,395,844 
05 - CIENCIAS BASICAS;2.1.2 Gastos de Funcionamiento;COMISIONES DE PERSONAL;COMISIÓN DE SERVICIOS AL EXTERIOR;20; $ 46,916,969 ; $ 36,108,445 
09 - INGENIERIA;2.1.2 Gastos de Funcionamiento;COMISIONES DE PERSONAL;COMISIÓN DE SERVICIOS AL EXTERIOR;20; $ 35,309,124 ; $ 22,756,600 
01 - ADMINISTRATIVA Y FINANCIERA;2.1.2 Gastos de Funcionamiento;COMISIONES DE PERSONAL;COMISIÓN DE SERVICIOS AL EXTERIOR;20; $ 22,274,187 ; $ 17,957,557 
04 - CIENCIAS DE LA EDUCACION;2.1.2 Gastos de Funcionamiento;COMISIONES DE PERSONAL;COMISIÓN DE SERVICIOS AL EXTERIOR;20; $ 21,619,414 ; $ 17,429,676 
06 - CIENCIAS ECONOMICAS, ADMINISTRATIVAS Y CONTABLES;2.1.2 Gastos de Funcionamiento;COMISIONES DE PERSONAL;COMISIÓN DE SERVICIOS AL EXTERIOR;20; $ 17,135,174 ; $ 5,020,729 
12 - SECCIONAL DUITAMA;2.1.2 Gastos de Funcionamiento;COMISIONES DE PERSONAL;COMISIÓN DE SERVICIOS AL EXTERIOR;20; $ 12,505,585 ; $ 10,082,062 
13 - SECCIONAL SOGAMOSO;2.1.2 Gastos de Funcionamiento;COMISIONES DE PERSONAL;COMISIÓN DE SERVICIOS AL EXTERIOR;20; $ 11,507,812 ; $ 9,277,654 
08 - CIENCIAS AGROPECUARIAS;2.1.2 Gastos de Funcionamiento;COMISIONES DE PERSONAL;COMISIÓN DE SERVICIOS AL EXTERIOR;20; $ 8,708,952 ; $ 7,021,199 
10 - DERECHO Y CIENCIAS SOCIALES;2.1.2 Gastos de Funcionamiento;COMISIONES DE PERSONAL;COMISIÓN DE SERVICIOS AL EXTERIOR;20; $ 8,286,984 ; $ 6,681,007 
11 - ESTUDIOS TECNOLOGICOS Y A DISTANCIA;2.1.2 Gastos de Funcionamiento;COMISIONES DE PERSONAL;COMISIÓN DE SERVICIOS AL EXTERIOR;20; $ 8,175,260 ; $ 6,590,934 
07 - CIENCIAS DE LA SALUD;2.1.2 Gastos de Funcionamiento;COMISIONES DE PERSONAL;COMISIÓN DE SERVICIOS AL EXTERIOR;20; $ 4,950,102 ; $ 1,987,710 
04 - CIENCIAS DE LA EDUCACION;2.1.2 Gastos de Funcionamiento;COMISIONES DE PERSONAL;COMISIÓN DE SERVICIOS AL EXTERIOR;31; $ 119,856,378 ; $ 96,628,788 
06 - CIENCIAS ECONOMICAS, ADMINISTRATIVAS Y CONTABLES;2.1.2 Gastos de Funcionamiento;COMISIONES DE PERSONAL;COMISIÓN DE SERVICIOS AL EXTERIOR;31; $ 57,163,525 ; $ 46,085,509 
09 - INGENIERIA;2.1.2 Gastos de Funcionamiento;COMISIONES DE PERSONAL;COMISIÓN DE SERVICIOS AL EXTERIOR;31; $ 29,323,232 ; $ 23,640,530 
13 - SECCIONAL SOGAMOSO;2.1.2 Gastos de Funcionamiento;COMISIONES DE PERSONAL;COMISIÓN DE SERVICIOS AL EXTERIOR;31; $ 25,531,142 ; $ 11,123,243 
08 - CIENCIAS AGROPECUARIAS;2.1.2 Gastos de Funcionamiento;COMISIONES DE PERSONAL;COMISIÓN DE SERVICIOS AL EXTERIOR;31; $ 14,711,554 ; $ 11,860,526 
12 - SECCIONAL DUITAMA;2.1.2 Gastos de Funcionamiento;COMISIONES DE PERSONAL;COMISIÓN DE SERVICIOS AL EXTERIOR;31; $ 10,119,928 ; $ 4,093,576 
05 - CIENCIAS BASICAS;2.1.2 Gastos de Funcionamiento;COMISIONES DE PERSONAL;COMISIÓN DE SERVICIOS AL EXTERIOR;31; $ 6,010,891 ; $ 4,846,009 
11 - ESTUDIOS TECNOLOGICOS Y A DISTANCIA;2.1.2 Gastos de Funcionamiento;COMISIONES DE PERSONAL;COMISIÓN DE SERVICIOS AL EXTERIOR;31; $ 4,500,155 ; $ 3,628,047 
04 - CIENCIAS DE LA EDUCACION;2.1.2 Gastos de Funcionamiento;COMISIONES DE PERSONAL;COMISIÓN DE SERVICIOS AL EXTERIOR;34; $ 35,068,410 ; $ 24,259,387 
02 - INVESTIGACION Y EXTENSION;2.1.2 Gastos de Funcionamiento;COMISIONES DE PERSONAL;COMISIÓN DE SERVICIOS AL EXTERIOR;34; $ 23,990,066 ; $ 19,340,907 
07 - CIENCIAS DE LA SALUD;2.1.2 Gastos de Funcionamiento;COMISIONES DE PERSONAL;COMISIÓN DE SERVICIOS AL EXTERIOR;35; $ 8,130,561 ; $ 6,554,897 
01 - ADMINISTRATIVA Y FINANCIERA;2.1.2 Gastos de Funcionamiento;COMISIONES DE PERSONAL;COMISIÓN DE SERVICIOS AL INTERIOR;10; $ 90,068,717 ; $ 59,262,998 
01 - ADMINISTRATIVA Y FINANCIERA;2.1.2 Gastos de Funcionamiento;COMISIONES DE PERSONAL;COMISIÓN DE SERVICIOS AL INTERIOR;10.2; $ 70,769,780 ; $ 43,462,914 
11 - ESTUDIOS TECNOLOGICOS Y A DISTANCIA;2.1.2 Gastos de Funcionamiento;COMISIONES DE PERSONAL;COMISIÓN DE SERVICIOS AL INTERIOR;20; $ 213,955,893 ; $ 150,187,919 
01 - ADMINISTRATIVA Y FINANCIERA;2.1.2 Gastos de Funcionamiento;COMISIONES DE PERSONAL;COMISIÓN DE SERVICIOS AL INTERIOR;20; $ 185,815,149 ; $ 147,749,194 
13 - SECCIONAL SOGAMOSO;2.1.2 Gastos de Funcionamiento;COMISIONES DE PERSONAL;COMISIÓN DE SERVICIOS AL INTERIOR;20; $ 87,385,733 ; $ 47,970,219 
09 - INGENIERIA;2.1.2 Gastos de Funcionamiento;COMISIONES DE PERSONAL;COMISIÓN DE SERVICIOS AL INTERIOR;20; $ 63,330,246 ; $ 25,907,016 
07 - CIENCIAS DE LA SALUD;2.1.2 Gastos de Funcionamiento;COMISIONES DE PERSONAL;COMISIÓN DE SERVICIOS AL INTERIOR;20; $ 54,407,598 ; $ 33,803,031 
05 - CIENCIAS BASICAS;2.1.2 Gastos de Funcionamiento;COMISIONES DE PERSONAL;COMISIÓN DE SERVICIOS AL INTERIOR;20; $ 34,168,225 ; $ 18,121,460 
06 - CIENCIAS ECONOMICAS, ADMINISTRATIVAS Y CONTABLES;2.1.2 Gastos de Funcionamiento;COMISIONES DE PERSONAL;COMISIÓN DE SERVICIOS AL INTERIOR;20; $ 33,799,265 ; $ 24,370,275 
12 - SECCIONAL DUITAMA;2.1.2 Gastos de Funcionamiento;COMISIONES DE PERSONAL;COMISIÓN DE SERVICIOS AL INTERIOR;20; $ 29,020,504 ; $ 20,518,774 
14 - SECCIONAL CHIQUINQUIRA;2.1.2 Gastos de Funcionamiento;COMISIONES DE PERSONAL;COMISIÓN DE SERVICIOS AL INTERIOR;20; $ 22,723,068 ; $ 16,483,046 
10 - DERECHO Y CIENCIAS SOCIALES;2.1.2 Gastos de Funcionamiento;COMISIONES DE PERSONAL;COMISIÓN DE SERVICIOS AL INTERIOR;20; $ 20,418,514 ; $ 16,461,504 
04 - CIENCIAS DE LA EDUCACION;2.1.2 Gastos de Funcionamiento;COMISIONES DE PERSONAL;COMISIÓN DE SERVICIOS AL INTERIOR;20; $ 17,041,335 ; $ 12,602,427 
08 - CIENCIAS AGROPECUARIAS;2.1.2 Gastos de Funcionamiento;COMISIONES DE PERSONAL;COMISIÓN DE SERVICIOS AL INTERIOR;20; $ 9,940,098 ; $ 8,013,755 
13 - SECCIONAL SOGAMOSO;2.1.2 Gastos de Funcionamiento;COMISIONES DE PERSONAL;COMISIÓN DE SERVICIOS AL INTERIOR;31; $ 26,302,263 ; $ 15,428,740 
05 - CIENCIAS BASICAS;2.1.2 Gastos de Funcionamiento;COMISIONES DE PERSONAL;COMISIÓN DE SERVICIOS AL INTERIOR;31; $ 18,277,353 ; $ 13,402,349 
04 - CIENCIAS DE LA EDUCACION;2.1.2 Gastos de Funcionamiento;COMISIONES DE PERSONAL;COMISIÓN DE SERVICIOS AL INTERIOR;31; $ 17,493,766 ; $ 9,436,686 
08 - CIENCIAS AGROPECUARIAS;2.1.2 Gastos de Funcionamiento;COMISIONES DE PERSONAL;COMISIÓN DE SERVICIOS AL INTERIOR;31; $ 15,634,463 ; $ 12,604,579 
11 - ESTUDIOS TECNOLOGICOS Y A DISTANCIA;2.1.2 Gastos de Funcionamiento;COMISIONES DE PERSONAL;COMISIÓN DE SERVICIOS AL INTERIOR;31; $ 15,077,688 ; $ 10,364,805 
09 - INGENIERIA;2.1.2 Gastos de Funcionamiento;COMISIONES DE PERSONAL;COMISIÓN DE SERVICIOS AL INTERIOR;31; $ 10,497,984 ; $ 8,463,525 
12 - SECCIONAL DUITAMA;2.1.2 Gastos de Funcionamiento;COMISIONES DE PERSONAL;COMISIÓN DE SERVICIOS AL INTERIOR;31; $ 9,788,505 ; $ 7,512,474 
07 - CIENCIAS DE LA SALUD;2.1.2 Gastos de Funcionamiento;COMISIONES DE PERSONAL;COMISIÓN DE SERVICIOS AL INTERIOR;31; $ 3,844,831 ; $ 1,687,266 
06 - CIENCIAS ECONOMICAS, ADMINISTRATIVAS Y CONTABLES;2.1.2 Gastos de Funcionamiento;COMISIONES DE PERSONAL;COMISIÓN DE SERVICIOS AL INTERIOR;31; $ 3,474,502 ; $ 2,801,160 
13 - SECCIONAL SOGAMOSO;2.1.2 Gastos de Funcionamiento;COMISIONES DE PERSONAL;COMISIÓN DE SERVICIOS AL INTERIOR;32; $ 4,547,286 ; $ 1,477,385 
08 - CIENCIAS AGROPECUARIAS;2.1.2 Gastos de Funcionamiento;COMISIONES DE PERSONAL;COMISIÓN DE SERVICIOS AL INTERIOR;32; $ 4,067,187 ; $ 3,278,986 
02 - INVESTIGACION Y EXTENSION;2.1.2 Gastos de Funcionamiento;COMISIONES DE PERSONAL;COMISIÓN DE SERVICIOS AL INTERIOR;32; $ 1,207,435 ; $ 973,440 
09 - INGENIERIA;2.1.2 Gastos de Funcionamiento;COMISIONES DE PERSONAL;COMISIÓN DE SERVICIOS AL INTERIOR;32; $ 88,139 ; $ 71,058 
04 - CIENCIAS DE LA EDUCACION;2.1.2 Gastos de Funcionamiento;COMISIONES DE PERSONAL;COMISIÓN DE SERVICIOS AL INTERIOR;33; $ 1,125,672,991 ; $ 893,476,480 
09 - INGENIERIA;2.1.2 Gastos de Funcionamiento;COMISIONES DE PERSONAL;COMISIÓN DE SERVICIOS AL INTERIOR;33; $ 153,477,573 ; $ 100,635,352 
13 - SECCIONAL SOGAMOSO;2.1.2 Gastos de Funcionamiento;COMISIONES DE PERSONAL;COMISIÓN DE SERVICIOS AL INTERIOR;33; $ 136,502,363 ; $ 107,198,633 
01 - ADMINISTRATIVA Y FINANCIERA;2.1.2 Gastos de Funcionamiento;COMISIONES DE PERSONAL;COMISIÓN DE SERVICIOS AL INTERIOR;33; $ 37,113,453 ; $ 27,514,740 
02 - INVESTIGACION Y EXTENSION;2.1.2 Gastos de Funcionamiento;COMISIONES DE PERSONAL;COMISIÓN DE SERVICIOS AL INTERIOR;33; $ 32,746,021 ; $ 26,400,000 
04 - CIENCIAS DE LA EDUCACION;2.1.2 Gastos de Funcionamiento;COMISIONES DE PERSONAL;COMISIÓN DE SERVICIOS AL INTERIOR;34; $ 23,038,885 ; $ 17,463,260 
02 - INVESTIGACION Y EXTENSION;2.1.2 Gastos de Funcionamiento;COMISIONES DE PERSONAL;COMISIÓN DE SERVICIOS AL INTERIOR;34; $ 20,944,125 ; $ 9,874,697 
12 - SECCIONAL DUITAMA;2.1.2 Gastos de Funcionamiento;COMISIONES DE PERSONAL;COMISIÓN DE SERVICIOS AL INTERIOR;34; $ 7,439,819 ; $ 5,998,018 
02 - INVESTIGACION Y EXTENSION;2.1.2 Gastos de Funcionamiento;COMISIONES DE PERSONAL;COMISIÓN DE SERVICIOS AL INTERIOR;35; $ 2,334,414 ; $ 1,805,664 
11 - ESTUDIOS TECNOLOGICOS Y A DISTANCIA;2.1.2 Gastos de Funcionamiento;COMISIONES DE PERSONAL;COMISIÓN DE SERVICIOS AL INTERIOR;35; $ 1,547,968 ; $ 1,247,979 
12 - SECCIONAL DUITAMA;2.1.2 Gastos de Funcionamiento;COMISIONES DE PERSONAL;COMISIÓN DE SERVICIOS AL INTERIOR;35; $ 729,626 ; $ 439,524 
14 - SECCIONAL CHIQUINQUIRA;2.1.2 Gastos de Funcionamiento;COMISIONES DE PERSONAL;COMISIÓN DE SERVICIOS AL INTERIOR;35; $ 546,710 ; $ 94,352 
12 - SECCIONAL DUITAMA;2.1.2 Gastos de Funcionamiento;CAJA MENOR - CONSTITUCION;CONSTITUCIÓN CAJA MENOR;20; $ 39,692,147 ; $ 32,000,000 
13 - SECCIONAL SOGAMOSO;2.1.2 Gastos de Funcionamiento;CAJA MENOR - CONSTITUCION;CONSTITUCIÓN CAJA MENOR;20; $ 37,652,343 ; $ 30,355,500 
01 - ADMINISTRATIVA Y FINANCIERA;2.1.2 Gastos de Funcionamiento;CAJA MENOR - CONSTITUCION;CONSTITUCIÓN CAJA MENOR;20; $ 24,298,791 ; $ 53,575,000 
14 - SECCIONAL CHIQUINQUIRA;2.1.2 Gastos de Funcionamiento;CAJA MENOR - CONSTITUCION;CONSTITUCIÓN CAJA MENOR;20; $ 11,783,606 ; $ 9,500,000 
02 - INVESTIGACION Y EXTENSION;2.1.2 Gastos de Funcionamiento;CAJA MENOR - CONSTITUCION;CONSTITUCIÓN CAJA MENOR;32; $ 18,166,724 ; $ 14,646,100 
01 - ADMINISTRATIVA Y FINANCIERA;2.1.2 Gastos de Funcionamiento;CONTRATOS;CONTRATO DE SEGUROS;10; $ 848,865,543 ; $ 677,583,648 
01 - ADMINISTRATIVA Y FINANCIERA;2.1.2 Gastos de Funcionamiento;ORDENES DE SERVICIOS;CONTRATO DE SEGUROS;10; $ 180,465,035 ; $ 88,201,469 
01 - ADMINISTRATIVA Y FINANCIERA;2.1.2 Gastos de Funcionamiento;CONTRATOS;CONTRATO DE SEGUROS;14; $ 3,237,261,067 ; $ 2,609,895,330 
04 - CIENCIAS DE LA EDUCACION;2.1.2 Gastos de Funcionamiento;ORDENES DE SERVICIOS;CONTRATO DE SEGUROS;33; $ 34,427,394 ; $ 27,755,531 
02 - INVESTIGACION Y EXTENSION;2.1.2 Gastos de Funcionamiento;ORDENES DE SERVICIOS;CONTRATO DE SEGUROS;33; $ 9,999,370 ; $ 8,061,540 
09 - INGENIERIA;2.1.2 Gastos de Funcionamiento;ORDENES DE SERVICIOS;CONTRATO DE SEGUROS;33; $ 1,407,538 ; $ 1,134,764 
13 - SECCIONAL SOGAMOSO;2.1.2 Gastos de Funcionamiento;ORDENES DE SERVICIOS;CONTRATO DE SEGUROS;33; $ 813,494 ; $ 655,843 
01 - ADMINISTRATIVA Y FINANCIERA;2.1.2 Gastos de Funcionamiento;ORDENES DE SERVICIOS;CONTRATO DE SEGUROS;33; $ 409,888 ; $ 330,453 
09 - INGENIERIA;2.1.2 Gastos de Funcionamiento;CONTRATOS;CONTRATO INTERADMINISTRATIVO;33; $ 105,500,735 ; $ 85,055,200 
01 - ADMINISTRATIVA Y FINANCIERA;2.1.2 Gastos de Funcionamiento;GASTOS DIRECTOS - LIQUIDACIONES;HONORARIOS ACADEMICOS DOCENTES;10; $ 176,488,575 ; $ 142,285,938 
01 - ADMINISTRATIVA Y FINANCIERA;2.1.2 Gastos de Funcionamiento;GASTOS DIRECTOS - LIQUIDACIONES;HONORARIOS ACADEMICOS DOCENTES;20; $ 26,422,271 ; $ 21,301,762 
09 - INGENIERIA;2.1.2 Gastos de Funcionamiento;GASTOS DIRECTOS - LIQUIDACIONES;HONORARIOS ACADEMICOS DOCENTES;32; $ 34,095,932 ; $ 27,488,304 
13 - SECCIONAL SOGAMOSO;2.1.2 Gastos de Funcionamiento;GASTOS DIRECTOS - LIQUIDACIONES;HONORARIOS ACADEMICOS DOCENTES;33; $ 38,038,387 ; $ 30,666,730 
12 - SECCIONAL DUITAMA;2.1.2 Gastos de Funcionamiento;GASTOS DIRECTOS - LIQUIDACIONES;HONORARIOS ACADEMICOS DOCENTES;33; $ 19,420,832 ; $ 13,358,706 
06 - CIENCIAS ECONOMICAS, ADMINISTRATIVAS Y CONTABLES;2.1.2 Gastos de Funcionamiento;GASTOS DIRECTOS - LIQUIDACIONES;HONORARIOS ACADEMICOS DOCENTES;33; $ 19,048,918 ; $ 14,590,714 
04 - CIENCIAS DE LA EDUCACION;2.1.2 Gastos de Funcionamiento;GASTOS DIRECTOS - LIQUIDACIONES;HONORARIOS ACADEMICOS DOCENTES;33; $ 16,007,967 ; $ 12,905,700 
10 - DERECHO Y CIENCIAS SOCIALES;2.1.2 Gastos de Funcionamiento;GASTOS DIRECTOS - LIQUIDACIONES;HONORARIOS ACADEMICOS DOCENTES;33; $ 11,163,416 ; $ 9,000,000 
15 - SEDE REGIONAL AGUAZUL;2.1.2 Gastos de Funcionamiento;GASTOS DIRECTOS - LIQUIDACIONES;HONORARIOS ACADEMICOS DOCENTES;33; $ 10,710,078 ; $ 8,634,516 
08 - CIENCIAS AGROPECUARIAS;2.1.2 Gastos de Funcionamiento;GASTOS DIRECTOS - LIQUIDACIONES;HONORARIOS ACADEMICOS DOCENTES;33; $ 9,094,014 ; $ 7,331,638 
13 - SECCIONAL SOGAMOSO;2.1.2 Gastos de Funcionamiento;GASTOS DIRECTOS - LIQUIDACIONES;HONORARIOS ACADEMICOS DOCENTES;35; $ 3,833,582 ; $ 3,090,652 
01 - ADMINISTRATIVA Y FINANCIERA;2.1.2 Gastos de Funcionamiento;GASTOS DIRECTOS - LIQUIDACIONES;HONORARIOS CONSEJO SUPERIOR;10; $ 61,382,112 ; $ 42,482,934 
01 - ADMINISTRATIVA Y FINANCIERA;2.1.2 Gastos de Funcionamiento;GASTOS DIRECTOS - LIQUIDACIONES;INSCRIPCIONES A SEMINARIOS, CURSOS, CONGRESOS Y OTROS;10; $ 129,477,024 ; $ 7,800,000 
01 - ADMINISTRATIVA Y FINANCIERA;2.1.2 Gastos de Funcionamiento;GASTOS DIRECTOS - LIQUIDACIONES;INSCRIPCIONES A SEMINARIOS, CURSOS, CONGRESOS Y OTROS;20; $ 11,132,970 ; $ 2,235,454 
13 - SECCIONAL SOGAMOSO;2.1.2 Gastos de Funcionamiento;GASTOS DIRECTOS - LIQUIDACIONES;INSCRIPCIONES A SEMINARIOS, CURSOS, CONGRESOS Y OTROS;20; $ 7,535,306 ; $ -   
09 - INGENIERIA;2.1.2 Gastos de Funcionamiento;GASTOS DIRECTOS - LIQUIDACIONES;INSCRIPCIONES A SEMINARIOS, CURSOS, CONGRESOS Y OTROS;20; $ 1,240,380 ; $ 1,000,000 
14 - SECCIONAL CHIQUINQUIRA;2.1.2 Gastos de Funcionamiento;GASTOS DIRECTOS - LIQUIDACIONES;INSCRIPCIONES A SEMINARIOS, CURSOS, CONGRESOS Y OTROS;20; $ 533,363 ; $ 430,000 
09 - INGENIERIA;2.1.2 Gastos de Funcionamiento;GASTOS DIRECTOS - LIQUIDACIONES;INSCRIPCIONES A SEMINARIOS, CURSOS, CONGRESOS Y OTROS;31; $ 109,277,443 ; $ 88,100,000 
01 - ADMINISTRATIVA Y FINANCIERA;2.1.2 Gastos de Funcionamiento;NOMINAS - TEMPORALES;LIQUIDACION DE NOMINA TEMPORAL CATEDRATICOS POSGRADO EXTERNOS;31; $ 8,728,558,415 ; $ 6,967,332,459 
01 - ADMINISTRATIVA Y FINANCIERA;2.1.2 Gastos de Funcionamiento;NOMINAS - TEMPORALES;LIQUIDACION DE NOMINA TEMPORAL CATEDRATICOS POSGRADO EXTERNOS;34; $ 163,936,151 ; $ 132,166,114 
01 - ADMINISTRATIVA Y FINANCIERA;2.1.2 Gastos de Funcionamiento;ORDENES DE SERVICIOS;OTROS SERVICIOS;10; $ 62,018,980 ; $ -   
01 - ADMINISTRATIVA Y FINANCIERA;2.1.2 Gastos de Funcionamiento;ORDENES DE SERVICIOS;OTROS SERVICIOS;20; $ 43,413,286 ; $ -   
04 - CIENCIAS DE LA EDUCACION;2.1.2 Gastos de Funcionamiento;ORDENES DE SERVICIOS;OTROS SERVICIOS;20; $ 8,062,460 ; $ -   
01 - ADMINISTRATIVA Y FINANCIERA;2.1.2 Gastos de Funcionamiento;ORDENES DE SERVICIOS;OTROS SERVICIOS;31; $ 12,403,796 ; $ -   
02 - INVESTIGACION Y EXTENSION;2.1.2 Gastos de Funcionamiento;ORDENES DE SERVICIOS;OTROS SERVICIOS;32; $ 64,949,326 ; $ 29,921,405 
01 - ADMINISTRATIVA Y FINANCIERA;2.1.2 Gastos de Funcionamiento;CONTRATOS;OTROS SERVICIOS;33; $ 5,060,389,168 ; $ 1,581,345,542 
01 - ADMINISTRATIVA Y FINANCIERA;2.1.2 Gastos de Funcionamiento;ORDENES DE SERVICIOS;OTROS SERVICIOS;33; $ 41,329,448 ; $ -   
12 - SECCIONAL DUITAMA;2.1.2 Gastos de Funcionamiento;ORDENES DE SERVICIOS;OTROS SERVICIOS;33; $ 19,473,960 ; $ 15,700,000 
04 - CIENCIAS DE LA EDUCACION;2.1.2 Gastos de Funcionamiento;ORDENES DE SERVICIOS;OTROS SERVICIOS;34; $ 32,061,931 ; $ -   
07 - CIENCIAS DE LA SALUD;2.1.2 Gastos de Funcionamiento;ORDENES DE SERVICIOS;OTROS SERVICIOS;35; $ 11,887,943 ; $ -   
09 - INGENIERIA;2.1.2 Gastos de Funcionamiento;PRESTACION DE SERVICIOS - RESOLUCIONES;RESOLUCION DE INCENTIVOS;20; $ 54,929,665 ; $ 44,284,560 
12 - SECCIONAL DUITAMA;2.1.2 Gastos de Funcionamiento;PRESTACION DE SERVICIOS - RESOLUCIONES;RESOLUCION DE INCENTIVOS;20; $ 31,176,264 ; $ 25,134,454 
13 - SECCIONAL SOGAMOSO;2.1.2 Gastos de Funcionamiento;PRESTACION DE SERVICIOS - RESOLUCIONES;RESOLUCION DE INCENTIVOS;20; $ 23,753,344 ; $ -   
05 - CIENCIAS BASICAS;2.1.2 Gastos de Funcionamiento;PRESTACION DE SERVICIOS - RESOLUCIONES;RESOLUCION DE INCENTIVOS;20; $ 11,876,684 ; $ 9,575,040 
06 - CIENCIAS ECONOMICAS, ADMINISTRATIVAS Y CONTABLES;2.1.2 Gastos de Funcionamiento;PRESTACION DE SERVICIOS - RESOLUCIONES;RESOLUCION DE INCENTIVOS;20; $ 11,876,684 ; $ 4,787,520 
13 - SECCIONAL SOGAMOSO;2.1.2 Gastos de Funcionamiento;PRESTACION DE SERVICIOS - RESOLUCIONES;RESOLUCION DE INCENTIVOS;32; $ 10,822,312 ; $ 8,725,000 
09 - INGENIERIA;2.1.2 Gastos de Funcionamiento;PRESTACION DE SERVICIOS - RESOLUCIONES;RESOLUCION DE INCENTIVOS;32; $ 9,923,037 ; $ -   
01 - ADMINISTRATIVA Y FINANCIERA;2.1.2 Gastos de Funcionamiento;PRESTACION DE SERVICIOS - RESOLUCIONES;RESOLUCION DE INCENTIVOS;33; $ 1,035,096,776 ; $ 84,000,000 
09 - INGENIERIA;2.1.2 Gastos de Funcionamiento;PRESTACION DE SERVICIOS - RESOLUCIONES;RESOLUCION DE INCENTIVOS;33; $ 741,064,792 ; $ 121,350,000 
15 - SEDE REGIONAL AGUAZUL;2.1.2 Gastos de Funcionamiento;PRESTACION DE SERVICIOS - RESOLUCIONES;RESOLUCION DE INCENTIVOS;33; $ 287,049,508 ; $ 161,833,328 
04 - CIENCIAS DE LA EDUCACION;2.1.2 Gastos de Funcionamiento;PRESTACION DE SERVICIOS - RESOLUCIONES;RESOLUCION DE INCENTIVOS;33; $ 39,890,608 ; $ 20,160,000 
13 - SECCIONAL SOGAMOSO;2.1.2 Gastos de Funcionamiento;PRESTACION DE SERVICIOS - RESOLUCIONES;RESOLUCION DE INCENTIVOS;33; $ 31,133,528 ; $ 25,100,000 
12 - SECCIONAL DUITAMA;2.1.2 Gastos de Funcionamiento;PRESTACION DE SERVICIOS - RESOLUCIONES;RESOLUCION DE INCENTIVOS;33; $ 17,861,466 ; $ 14,400,000 
02 - INVESTIGACION Y EXTENSION;2.1.2 Gastos de Funcionamiento;PRESTACION DE SERVICIOS - RESOLUCIONES;RESOLUCION DE INCENTIVOS;34; $ 87,564,598 ; $ -   
12 - SECCIONAL DUITAMA;2.1.2 Gastos de Funcionamiento;PRESTACION DE SERVICIOS - RESOLUCIONES;RESOLUCION DE INCENTIVOS;34; $ 3,721,139 ; $ 3,000,000 
02 - INVESTIGACION Y EXTENSION;2.1.2 Gastos de Funcionamiento;PRESTACION DE SERVICIOS - RESOLUCIONES;RESOLUCION DE INCENTIVOS;35; $ 145,344,024 ; $ 98,687,495 
12 - SECCIONAL DUITAMA;2.1.2 Gastos de Funcionamiento;PRESTACION DE SERVICIOS - RESOLUCIONES;RESOLUCION DE INCENTIVOS;35; $ 44,298,952 ; $ 19,851,132 
13 - SECCIONAL SOGAMOSO;2.1.2 Gastos de Funcionamiento;PRESTACION DE SERVICIOS - RESOLUCIONES;RESOLUCION DE INCENTIVOS;35; $ 30,772,329 ; $ 21,318,800 
07 - CIENCIAS DE LA SALUD;2.1.2 Gastos de Funcionamiento;PRESTACION DE SERVICIOS - RESOLUCIONES;RESOLUCION DE INCENTIVOS;35; $ 23,413,405 ; $ 13,176,000 
15 - SEDE REGIONAL AGUAZUL;2.1.2 Gastos de Funcionamiento;PRESTACION DE SERVICIOS - RESOLUCIONES;RESOLUCION DE INCENTIVOS;35; $ 18,092,177 ; $ 8,976,000 
04 - CIENCIAS DE LA EDUCACION;2.1.2 Gastos de Funcionamiento;PRESTACION DE SERVICIOS - RESOLUCIONES;RESOLUCION DE INCENTIVOS;35; $ 5,755,361 ; $ -   
10 - DERECHO Y CIENCIAS SOCIALES;2.1.2 Gastos de Funcionamiento;PRESTACION DE SERVICIOS - RESOLUCIONES;RESOLUCION DE INCENTIVOS;35; $ 1,116,342 ; $ 900,000 
01 - ADMINISTRATIVA Y FINANCIERA;2.1.2 Gastos de Funcionamiento;CONTRATOS;SERVICIOS DE ASEO;10; $ 6,618,453,252 ; $ 1,965,157,574 
01 - ADMINISTRATIVA Y FINANCIERA;2.1.2 Gastos de Funcionamiento;CONTRATOS;SERVICIOS DE ASEO;10.5; $ 1,628,618,414 ; $ 1,300,000,000 
01 - ADMINISTRATIVA Y FINANCIERA;2.1.2 Gastos de Funcionamiento;CONTRATOS;SERVICIOS DE ASEO;14; $ 689,263,779 ; $ 57,395,439 
01 - ADMINISTRATIVA Y FINANCIERA;2.1.2 Gastos de Funcionamiento;CONTRATOS;SERVICIOS DE COMUNICACIONES;10; $ 3,608,899,424 ; $ 1,316,900,718 
01 - ADMINISTRATIVA Y FINANCIERA;2.1.2 Gastos de Funcionamiento;ORDENES DE SERVICIOS;SERVICIOS DE COMUNICACIONES;10; $ 65,030,994 ; $ -   
01 - ADMINISTRATIVA Y FINANCIERA;2.1.2 Gastos de Funcionamiento;ORDENES DE SERVICIOS;SERVICIOS DE COMUNICACIONES;13; $ 38,803,048 ; $ 6,009,831 
01 - ADMINISTRATIVA Y FINANCIERA;2.1.2 Gastos de Funcionamiento;CONTRATOS;SERVICIOS DE COMUNICACIONES;13; $ 996,639 ; $ 803,495 
01 - ADMINISTRATIVA Y FINANCIERA;2.1.2 Gastos de Funcionamiento;ORDENES DE SERVICIOS;SERVICIOS DE COMUNICACIONES;14; $ 8,218,897 ; $ 6,626,114 
01 - ADMINISTRATIVA Y FINANCIERA;2.1.2 Gastos de Funcionamiento;CONTRATOS;SERVICIOS DE COMUNICACIONES;20; $ 693,977,975 ; $ 164,223,849 
01 - ADMINISTRATIVA Y FINANCIERA;2.1.2 Gastos de Funcionamiento;ORDENES DE SERVICIOS;SERVICIOS DE COMUNICACIONES;20; $ 41,186,904 ; $ 4,650,567 
12 - SECCIONAL DUITAMA;2.1.2 Gastos de Funcionamiento;ORDENES DE SERVICIOS;SERVICIOS DE COMUNICACIONES;20; $ 18,743,500 ; $ 15,111,100 
13 - SECCIONAL SOGAMOSO;2.1.2 Gastos de Funcionamiento;ORDENES DE SERVICIOS;SERVICIOS DE COMUNICACIONES;20; $ 13,801,587 ; $ 1,657,470 
01 - ADMINISTRATIVA Y FINANCIERA;2.1.2 Gastos de Funcionamiento;CONTRATOS;SERVICIOS DE COMUNICACIONES;31; $ 620,189,800 ; $ -   
01 - ADMINISTRATIVA Y FINANCIERA;2.1.2 Gastos de Funcionamiento;ORDENES DE SERVICIOS;SERVICIOS DE COMUNICACIONES;31; $ 95,533,448 ; $ 77,019,525 
09 - INGENIERIA;2.1.2 Gastos de Funcionamiento;ORDENES DE SERVICIOS;SERVICIOS DE COMUNICACIONES;31; $ 37,521,483 ; $ -   
12 - SECCIONAL DUITAMA;2.1.2 Gastos de Funcionamiento;ORDENES DE SERVICIOS;SERVICIOS DE COMUNICACIONES;31; $ 13,485,251 ; $ 10,871,874 
13 - SECCIONAL SOGAMOSO;2.1.2 Gastos de Funcionamiento;ORDENES DE SERVICIOS;SERVICIOS DE COMUNICACIONES;31; $ 10,286,871 ; $ -   
01 - ADMINISTRATIVA Y FINANCIERA;2.1.2 Gastos de Funcionamiento;ORDENES DE SERVICIOS;SERVICIOS DE IMPRESIÓN;10; $ 341,959,621 ; $ 176,020,385 
01 - ADMINISTRATIVA Y FINANCIERA;2.1.2 Gastos de Funcionamiento;ORDENES DE SERVICIOS;SERVICIOS DE IMPRESIÓN;14; $ 16,801,159 ; $ 13,545,175 
01 - ADMINISTRATIVA Y FINANCIERA;2.1.2 Gastos de Funcionamiento;ORDENES DE SERVICIOS;SERVICIOS DE IMPRESIÓN;20; $ 132,061,740 ; $ 84,728,000 
07 - CIENCIAS DE LA SALUD;2.1.2 Gastos de Funcionamiento;ORDENES DE SERVICIOS;SERVICIOS DE IMPRESIÓN;20; $ 16,124,811 ; $ -   
13 - SECCIONAL SOGAMOSO;2.1.2 Gastos de Funcionamiento;ORDENES DE SERVICIOS;SERVICIOS DE IMPRESIÓN;20; $ 11,281,984 ; $ 1,730,260 
12 - SECCIONAL DUITAMA;2.1.2 Gastos de Funcionamiento;ORDENES DE SERVICIOS;SERVICIOS DE IMPRESIÓN;20; $ 5,612,834 ; $ -   
06 - CIENCIAS ECONOMICAS, ADMINISTRATIVAS Y CONTABLES;2.1.2 Gastos de Funcionamiento;ORDENES DE SERVICIOS;SERVICIOS DE IMPRESIÓN;20; $ 1,918,867 ; $ -   
06 - CIENCIAS ECONOMICAS, ADMINISTRATIVAS Y CONTABLES;2.1.2 Gastos de Funcionamiento;ORDENES DE SERVICIOS;SERVICIOS DE IMPRESIÓN;31; $ 19,889,611 ; $ 5,946,000 
04 - CIENCIAS DE LA EDUCACION;2.1.2 Gastos de Funcionamiento;ORDENES DE SERVICIOS;SERVICIOS DE IMPRESIÓN;31; $ 15,009,213 ; $ -   
12 - SECCIONAL DUITAMA;2.1.2 Gastos de Funcionamiento;ORDENES DE SERVICIOS;SERVICIOS DE IMPRESIÓN;31; $ 12,297,135 ; $ 3,141,600 
09 - INGENIERIA;2.1.2 Gastos de Funcionamiento;ORDENES DE SERVICIOS;SERVICIOS DE IMPRESIÓN;31; $ 7,278,547 ; $ 5,868,000 
13 - SECCIONAL SOGAMOSO;2.1.2 Gastos de Funcionamiento;ORDENES DE SERVICIOS;SERVICIOS DE IMPRESIÓN;32; $ 11,501,863 ; $ 9,272,857 
13 - SECCIONAL SOGAMOSO;2.1.2 Gastos de Funcionamiento;ORDENES DE SERVICIOS;SERVICIOS DE IMPRESIÓN;33; $ 329,773,096 ; $ 132,775,656 
04 - CIENCIAS DE LA EDUCACION;2.1.2 Gastos de Funcionamiento;ORDENES DE SERVICIOS;SERVICIOS DE IMPRESIÓN;33; $ 69,105,679 ; $ 55,713,331 
08 - CIENCIAS AGROPECUARIAS;2.1.2 Gastos de Funcionamiento;ORDENES DE SERVICIOS;SERVICIOS DE IMPRESIÓN;33; $ 17,860,226 ; $ 14,399,000 
09 - INGENIERIA;2.1.2 Gastos de Funcionamiento;ORDENES DE SERVICIOS;SERVICIOS DE IMPRESIÓN;33; $ 11,135,334 ; $ -   
12 - SECCIONAL DUITAMA;2.1.2 Gastos de Funcionamiento;ORDENES DE SERVICIOS;SERVICIOS DE IMPRESIÓN;33; $ 6,788,362 ; $ 5,472,810 
04 - CIENCIAS DE LA EDUCACION;2.1.2 Gastos de Funcionamiento;ORDENES DE SERVICIOS;SERVICIOS DE IMPRESIÓN;34; $ 7,140,816 ; $ -   
07 - CIENCIAS DE LA SALUD;2.1.2 Gastos de Funcionamiento;ORDENES DE SERVICIOS;SERVICIOS DE IMPRESIÓN;35; $ 3,614,640 ; $ -   
12 - SECCIONAL DUITAMA;2.1.2 Gastos de Funcionamiento;ORDENES DE SERVICIOS;SERVICIOS DE IMPRESIÓN;35; $ 2,081,233 ; $ -   
01 - ADMINISTRATIVA Y FINANCIERA;2.1.2 Gastos de Funcionamiento;ORDENES DE SERVICIOS;SERVICIOS DE MANTENIMIENTO;10; $ 152,858,603 ; $ 7,830,137 
01 - ADMINISTRATIVA Y FINANCIERA;2.1.2 Gastos de Funcionamiento;CONTRATOS DE PERSONAL - OPS;SERVICIOS DE MANTENIMIENTO;10; $ 118,469,303 ; $ 39,401,712 
01 - ADMINISTRATIVA Y FINANCIERA;2.1.2 Gastos de Funcionamiento;CONTRATOS DE PERSONAL - OPS;SERVICIOS DE MANTENIMIENTO;10.5; $ 58,722,721 ; $ 47,342,540 
01 - ADMINISTRATIVA Y FINANCIERA;2.1.2 Gastos de Funcionamiento;ORDENES DE SERVICIOS;SERVICIOS DE MANTENIMIENTO;13; $ 27,744,811 ; $ 22,368,000 
01 - ADMINISTRATIVA Y FINANCIERA;2.1.2 Gastos de Funcionamiento;ORDENES DE SERVICIOS;SERVICIOS DE MANTENIMIENTO;14; $ 33,467,586 ; $ 9,348,101 
01 - ADMINISTRATIVA Y FINANCIERA;2.1.2 Gastos de Funcionamiento;CONTRATOS;SERVICIOS DE MANTENIMIENTO;20; $ 744,227,760 ; $ 163,525,942 
01 - ADMINISTRATIVA Y FINANCIERA;2.1.2 Gastos de Funcionamiento;ORDENES DE SERVICIOS;SERVICIOS DE MANTENIMIENTO;20; $ 58,545,917 ; $ 47,200,000 
12 - SECCIONAL DUITAMA;2.1.2 Gastos de Funcionamiento;ORDENES DE SERVICIOS;SERVICIOS DE MANTENIMIENTO;20; $ 33,296,955 ; $ 15,940,231 
13 - SECCIONAL SOGAMOSO;2.1.2 Gastos de Funcionamiento;ORDENES DE SERVICIOS;SERVICIOS DE MANTENIMIENTO;20; $ 27,330,524 ; $ 12,073,700 
14 - SECCIONAL CHIQUINQUIRA;2.1.2 Gastos de Funcionamiento;ORDENES DE SERVICIOS;SERVICIOS DE MANTENIMIENTO;20; $ 16,373,011 ; $ 13,200,000 
05 - CIENCIAS BASICAS;2.1.2 Gastos de Funcionamiento;ORDENES DE SERVICIOS;SERVICIOS DE MANTENIMIENTO;20; $ 10,845,585 ; $ -   
01 - ADMINISTRATIVA Y FINANCIERA;2.1.2 Gastos de Funcionamiento;CONTRATOS DE PERSONAL - OPS;SERVICIOS DE MANTENIMIENTO;31; $ 15,963,427 ; $ 12,869,792 
12 - SECCIONAL DUITAMA;2.1.2 Gastos de Funcionamiento;ORDENES DE SERVICIOS;SERVICIOS DE MANTENIMIENTO;31; $ 5,866,204 ; $ 4,729,362 
09 - INGENIERIA;2.1.2 Gastos de Funcionamiento;ORDENES DE SERVICIOS;SERVICIOS DE MANTENIMIENTO;32; $ 251,261,959 ; $ -   
08 - CIENCIAS AGROPECUARIAS;2.1.2 Gastos de Funcionamiento;ORDENES DE SERVICIOS;SERVICIOS DE MANTENIMIENTO;32; $ 38,100,616 ; $ 9,996,000 
13 - SECCIONAL SOGAMOSO;2.1.2 Gastos de Funcionamiento;CONTRATOS DE PERSONAL - OPS;SERVICIOS DE MANTENIMIENTO;32; $ 33,625,215 ; $ 11,156,930 
01 - ADMINISTRATIVA Y FINANCIERA;2.1.2 Gastos de Funcionamiento;ORDENES DE SERVICIOS;SERVICIOS DE MANTENIMIENTO;33; $ 82,545,004 ; $ 66,548,180 
08 - CIENCIAS AGROPECUARIAS;2.1.2 Gastos de Funcionamiento;ORDENES DE SERVICIOS;SERVICIOS DE MANTENIMIENTO;33; $ 9,741,941 ; $ -   
01 - ADMINISTRATIVA Y FINANCIERA;2.1.2 Gastos de Funcionamiento;ORDENES DE SERVICIOS;SERVICIOS DE PUBLICACIÓN;20; $ 2,604,797 ; $ -   
13 - SECCIONAL SOGAMOSO;2.1.2 Gastos de Funcionamiento;ORDENES DE SERVICIOS;SERVICIOS DE PUBLICACIÓN;31; $ 9,922,905 ; $ 7,999,894 
01 - ADMINISTRATIVA Y FINANCIERA;2.1.2 Gastos de Funcionamiento;ORDENES DE SERVICIOS;SERVICIOS DE TRANSPORTE;10; $ 74,422,776 ; $ 25,659,000 
01 - ADMINISTRATIVA Y FINANCIERA;2.1.2 Gastos de Funcionamiento;CONTRATOS;SERVICIOS DE TRANSPORTE;14; $ 124,037,960 ; $ 14,283,936 
01 - ADMINISTRATIVA Y FINANCIERA;2.1.2 Gastos de Funcionamiento;CONTRATOS;SERVICIOS DE TRANSPORTE;20; $ 3,154,931,306 ; $ 1,496,816,859 
01 - ADMINISTRATIVA Y FINANCIERA;2.1.2 Gastos de Funcionamiento;CONTRATOS;SERVICIOS DE TRANSPORTE;21; $ 784,142,188 ; $ 136,933,810 
01 - ADMINISTRATIVA Y FINANCIERA;2.1.2 Gastos de Funcionamiento;CONTRATOS;SERVICIOS DE TRANSPORTE;31; $ 493,626,562 ; $ 106,271,201 
01 - ADMINISTRATIVA Y FINANCIERA;2.1.2 Gastos de Funcionamiento;ORDENES DE SERVICIOS;SERVICIOS DE TRANSPORTE;32; $ 36,416,801 ; $ -   
13 - SECCIONAL SOGAMOSO;2.1.2 Gastos de Funcionamiento;ORDENES DE SERVICIOS;SERVICIOS DE TRANSPORTE;33; $ 456,521,625 ; $ 168,450,000 
02 - INVESTIGACION Y EXTENSION;2.1.2 Gastos de Funcionamiento;ORDENES DE SERVICIOS;SERVICIOS DE TRANSPORTE;33; $ 116,810,025 ; $ 83,637,200 
01 - ADMINISTRATIVA Y FINANCIERA;2.1.2 Gastos de Funcionamiento;ORDENES DE SERVICIOS;SERVICIOS DE TRANSPORTE;33; $ 12,961,967 ; $ 4,450,000 
01 - ADMINISTRATIVA Y FINANCIERA;2.1.2 Gastos de Funcionamiento;CONTRATOS;SERVICIOS DE TRANSPORTE;34; $ 223,096,705 ; $ 50,122,845 
01 - ADMINISTRATIVA Y FINANCIERA;2.1.2 Gastos de Funcionamiento;CONTRATOS;SERVICIOS DE TRANSPORTE;35; $ 14,884,555 ; $ -   
01 - ADMINISTRATIVA Y FINANCIERA;2.1.2 Gastos de Funcionamiento;CONTRATOS;SERVICIOS DE VIGILANCIA;10; $ 11,519,382,127 ; $ 3,410,870,732 
01 - ADMINISTRATIVA Y FINANCIERA;2.1.2 Gastos de Funcionamiento;CONTRATOS;SERVICIOS DE VIGILANCIA;14; $ 1,644,904,598 ; $ 1,664,914,936 
01 - ADMINISTRATIVA Y FINANCIERA;2.1.2 Gastos de Funcionamiento;GASTOS DIRECTOS - LIQUIDACIONES;SERVICIOS INTERNOS;10; $ 7,134,988 ; $ 1,802,262 
07 - CIENCIAS DE LA SALUD;2.1.2 Gastos de Funcionamiento;GASTOS DIRECTOS - LIQUIDACIONES;SERVICIOS INTERNOS;20; $ 8,868,714 ; $ 3,200,000 
05 - CIENCIAS BASICAS;2.1.2 Gastos de Funcionamiento;GASTOS DIRECTOS - LIQUIDACIONES;SERVICIOS INTERNOS;20; $ 4,899,499 ; $ -   
09 - INGENIERIA;2.1.2 Gastos de Funcionamiento;GASTOS DIRECTOS - LIQUIDACIONES;SERVICIOS INTERNOS;31; $ 9,798,999 ; $ -   
13 - SECCIONAL SOGAMOSO;2.1.2 Gastos de Funcionamiento;GASTOS DIRECTOS - LIQUIDACIONES;SERVICIOS INTERNOS;31; $ 8,682,657 ; $ 7,000,000 
05 - CIENCIAS BASICAS;2.1.2 Gastos de Funcionamiento;GASTOS DIRECTOS - LIQUIDACIONES;SERVICIOS INTERNOS;31; $ 4,899,499 ; $ -   
08 - CIENCIAS AGROPECUARIAS;2.1.2 Gastos de Funcionamiento;GASTOS DIRECTOS - LIQUIDACIONES;SERVICIOS INTERNOS;32; $ 1,660,144 ; $ 1,338,416 
01 - ADMINISTRATIVA Y FINANCIERA;2.1.2 Gastos de Funcionamiento;CONTRATOS DE PERSONAL - OPS;SERVICIOS PROFESIONALES;10; $ 13,625,499,457 ; $ 5,311,978,706 
01 - ADMINISTRATIVA Y FINANCIERA;2.1.2 Gastos de Funcionamiento;CONTRATOS;SERVICIOS PROFESIONALES;10; $ 590,595,471 ; $ 178,063,107 
01 - ADMINISTRATIVA Y FINANCIERA;2.1.2 Gastos de Funcionamiento;ORDENES DE SERVICIOS;SERVICIOS PROFESIONALES;10; $ 80,079,651 ; $ 13,613,960 
01 - ADMINISTRATIVA Y FINANCIERA;2.1.2 Gastos de Funcionamiento;CONTRATOS DE PERSONAL - OPS;SERVICIOS PROFESIONALES;10.1; $ 649,551,604 ; $ 294,665,020 
01 - ADMINISTRATIVA Y FINANCIERA;2.1.2 Gastos de Funcionamiento;CONTRATOS DE PERSONAL - OPS;SERVICIOS PROFESIONALES;10.5; $ 559,407,424 ; $ 256,710,053 
01 - ADMINISTRATIVA Y FINANCIERA;2.1.2 Gastos de Funcionamiento;CONTRATOS DE PERSONAL - OPS;SERVICIOS PROFESIONALES;14; $ 1,977,008,804 ; $ 851,410,478 
01 - ADMINISTRATIVA Y FINANCIERA;2.1.2 Gastos de Funcionamiento;CONTRATOS;SERVICIOS PROFESIONALES;14; $ 191,886,724 ; $ 77,350,000 
01 - ADMINISTRATIVA Y FINANCIERA;2.1.2 Gastos de Funcionamiento;CONTRATOS DE PERSONAL - OPS;SERVICIOS PROFESIONALES;20; $ 386,333,886 ; $ 157,187,520 
09 - INGENIERIA;2.1.2 Gastos de Funcionamiento;CONTRATOS DE PERSONAL - OPS;SERVICIOS PROFESIONALES;20; $ 35,630,053 ; $ 28,725,120 
10 - DERECHO Y CIENCIAS SOCIALES;2.1.2 Gastos de Funcionamiento;CONTRATOS DE PERSONAL - OPS;SERVICIOS PROFESIONALES;20; $ 29,691,680 ; $ 23,937,575 
13 - SECCIONAL SOGAMOSO;2.1.2 Gastos de Funcionamiento;CONTRATOS DE PERSONAL - OPS;SERVICIOS PROFESIONALES;20; $ 13,361,256 ; $ 5,984,394 
12 - SECCIONAL DUITAMA;2.1.2 Gastos de Funcionamiento;CONTRATOS DE PERSONAL - OPS;SERVICIOS PROFESIONALES;20; $ 11,876,672 ; $ 4,787,515 
05 - CIENCIAS BASICAS;2.1.2 Gastos de Funcionamiento;CONTRATOS DE PERSONAL - OPS;SERVICIOS PROFESIONALES;20; $ 5,938,342 ; $ 4,787,520 
05 - CIENCIAS BASICAS;2.1.2 Gastos de Funcionamiento;ORDENES DE SERVICIOS;SERVICIOS PROFESIONALES;20; $ 1,289,375 ; $ -   
04 - CIENCIAS DE LA EDUCACION;2.1.2 Gastos de Funcionamiento;CONTRATOS DE PERSONAL - OPS;SERVICIOS PROFESIONALES;31; $ 1,854,917,945 ; $ 889,823,996 
09 - INGENIERIA;2.1.2 Gastos de Funcionamiento;CONTRATOS DE PERSONAL - OPS;SERVICIOS PROFESIONALES;31; $ 1,161,919,864 ; $ 534,168,999 
11 - ESTUDIOS TECNOLOGICOS Y A DISTANCIA;2.1.2 Gastos de Funcionamiento;CONTRATOS DE PERSONAL - OPS;SERVICIOS PROFESIONALES;31; $ 930,556,136 ; $ 427,148,280 
06 - CIENCIAS ECONOMICAS, ADMINISTRATIVAS Y CONTABLES;2.1.2 Gastos de Funcionamiento;CONTRATOS DE PERSONAL - OPS;SERVICIOS PROFESIONALES;31; $ 659,436,770 ; $ 321,586,514 
01 - ADMINISTRATIVA Y FINANCIERA;2.1.2 Gastos de Funcionamiento;CONTRATOS DE PERSONAL - OPS;SERVICIOS PROFESIONALES;31; $ 642,712,637 ; $ 340,387,880 
13 - SECCIONAL SOGAMOSO;2.1.2 Gastos de Funcionamiento;CONTRATOS DE PERSONAL - OPS;SERVICIOS PROFESIONALES;31; $ 293,213,436 ; $ 172,645,782 
12 - SECCIONAL DUITAMA;2.1.2 Gastos de Funcionamiento;CONTRATOS DE PERSONAL - OPS;SERVICIOS PROFESIONALES;31; $ 262,948,979 ; $ 103,225,264 
01 - ADMINISTRATIVA Y FINANCIERA;2.1.2 Gastos de Funcionamiento;CONTRATOS;SERVICIOS PROFESIONALES;31; $ 223,268,328 ; $ 73,872,000 
05 - CIENCIAS BASICAS;2.1.2 Gastos de Funcionamiento;CONTRATOS DE PERSONAL - OPS;SERVICIOS PROFESIONALES;31; $ 221,910,118 ; $ 119,224,225 
08 - CIENCIAS AGROPECUARIAS;2.1.2 Gastos de Funcionamiento;CONTRATOS DE PERSONAL - OPS;SERVICIOS PROFESIONALES;31; $ 159,998,549 ; $ 80,581,328 
07 - CIENCIAS DE LA SALUD;2.1.2 Gastos de Funcionamiento;CONTRATOS DE PERSONAL - OPS;SERVICIOS PROFESIONALES;31; $ 117,028,451 ; $ 30,557,900 
09 - INGENIERIA;2.1.2 Gastos de Funcionamiento;CONTRATOS;SERVICIOS PROFESIONALES;31; $ 33,624,458 ; $ -   
10 - DERECHO Y CIENCIAS SOCIALES;2.1.2 Gastos de Funcionamiento;CONTRATOS DE PERSONAL - OPS;SERVICIOS PROFESIONALES;31; $ 9,773,039 ; $ 7,879,071 
07 - CIENCIAS DE LA SALUD;2.1.2 Gastos de Funcionamiento;CONTRATOS;SERVICIOS PROFESIONALES;31; $ 7,970,679 ; $ 6,426,000 
09 - INGENIERIA;2.1.2 Gastos de Funcionamiento;CONTRATOS DE PERSONAL - OPS;SERVICIOS PROFESIONALES;32; $ 835,470,195 ; $ 449,244,002 
08 - CIENCIAS AGROPECUARIAS;2.1.2 Gastos de Funcionamiento;CONTRATOS DE PERSONAL - OPS;SERVICIOS PROFESIONALES;32; $ 460,930,755 ; $ 205,297,940 
13 - SECCIONAL SOGAMOSO;2.1.2 Gastos de Funcionamiento;CONTRATOS DE PERSONAL - OPS;SERVICIOS PROFESIONALES;32; $ 168,445,341 ; $ 79,642,966 
02 - INVESTIGACION Y EXTENSION;2.1.2 Gastos de Funcionamiento;CONTRATOS DE PERSONAL - OPS;SERVICIOS PROFESIONALES;32; $ 99,253,786 ; $ 41,229,240 
09 - INGENIERIA;2.1.2 Gastos de Funcionamiento;CONTRATOS;SERVICIOS PROFESIONALES;32; $ 58,768,947 ; $ -   
09 - INGENIERIA;2.1.2 Gastos de Funcionamiento;ORDENES DE SERVICIOS;SERVICIOS PROFESIONALES;32; $ 7,970,679 ; $ -   
09 - INGENIERIA;2.1.2 Gastos de Funcionamiento;CONTRATOS DE PERSONAL - OPS;SERVICIOS PROFESIONALES;33; $ 6,570,600,753 ; $ 2,829,200,000 
04 - CIENCIAS DE LA EDUCACION;2.1.2 Gastos de Funcionamiento;CONTRATOS DE PERSONAL - OPS;SERVICIOS PROFESIONALES;33; $ 6,414,733,437 ; $ 5,106,740,555 
01 - ADMINISTRATIVA Y FINANCIERA;2.1.2 Gastos de Funcionamiento;CONTRATOS DE PERSONAL - OPS;SERVICIOS PROFESIONALES;33; $ 4,554,836,291 ; $ 986,426,982 
13 - SECCIONAL SOGAMOSO;2.1.2 Gastos de Funcionamiento;CONTRATOS DE PERSONAL - OPS;SERVICIOS PROFESIONALES;33; $ 4,171,533,448 ; $ 1,564,510,000 
02 - INVESTIGACION Y EXTENSION;2.1.2 Gastos de Funcionamiento;CONTRATOS DE PERSONAL - OPS;SERVICIOS PROFESIONALES;33; $ 1,690,596,669 ; $ 1,131,402,917 
08 - CIENCIAS AGROPECUARIAS;2.1.2 Gastos de Funcionamiento;CONTRATOS DE PERSONAL - OPS;SERVICIOS PROFESIONALES;33; $ 746,131,246 ; $ 286,500,000 
13 - SECCIONAL SOGAMOSO;2.1.2 Gastos de Funcionamiento;CONTRATOS;SERVICIOS PROFESIONALES;33; $ 527,930,365 ; $ 92,950,000 
01 - ADMINISTRATIVA Y FINANCIERA;2.1.2 Gastos de Funcionamiento;CONTRATOS;SERVICIOS PROFESIONALES;33; $ 403,123,370 ; $ -   
12 - SECCIONAL DUITAMA;2.1.2 Gastos de Funcionamiento;CONTRATOS DE PERSONAL - OPS;SERVICIOS PROFESIONALES;33; $ 372,137,781 ; $ 278,774,076 
09 - INGENIERIA;2.1.2 Gastos de Funcionamiento;CONTRATOS;SERVICIOS PROFESIONALES;33; $ 331,079,642 ; $ 58,418,000 
06 - CIENCIAS ECONOMICAS, ADMINISTRATIVAS Y CONTABLES;2.1.2 Gastos de Funcionamiento;CONTRATOS DE PERSONAL - OPS;SERVICIOS PROFESIONALES;33; $ 288,016,143 ; $ -   
10 - DERECHO Y CIENCIAS SOCIALES;2.1.2 Gastos de Funcionamiento;CONTRATOS DE PERSONAL - OPS;SERVICIOS PROFESIONALES;33; $ 164,464,734 ; $ 75,871,560 
15 - SEDE REGIONAL AGUAZUL;2.1.2 Gastos de Funcionamiento;CONTRATOS DE PERSONAL - OPS;SERVICIOS PROFESIONALES;33; $ 47,754,615 ; $ -   
13 - SECCIONAL SOGAMOSO;2.1.2 Gastos de Funcionamiento;ORDENES DE SERVICIOS;SERVICIOS PROFESIONALES;33; $ 35,904,592 ; $ 28,946,455 
01 - ADMINISTRATIVA Y FINANCIERA;2.1.2 Gastos de Funcionamiento;ORDENES DE SERVICIOS;SERVICIOS PROFESIONALES;33; $ 24,596,926 ; $ -   
07 - CIENCIAS DE LA SALUD;2.1.2 Gastos de Funcionamiento;CONTRATOS DE PERSONAL - OPS;SERVICIOS PROFESIONALES;33; $ 22,376,448 ; $ -   
12 - SECCIONAL DUITAMA;2.1.2 Gastos de Funcionamiento;CONTRATOS;SERVICIOS PROFESIONALES;33; $ 17,488,732 ; $ 14,099,500 
02 - INVESTIGACION Y EXTENSION;2.1.2 Gastos de Funcionamiento;CONTRATOS DE PERSONAL - OPS;SERVICIOS PROFESIONALES;34; $ 1,204,071,876 ; $ 389,640,563 
04 - CIENCIAS DE LA EDUCACION;2.1.2 Gastos de Funcionamiento;CONTRATOS DE PERSONAL - OPS;SERVICIOS PROFESIONALES;34; $ 375,674,269 ; $ 188,632,697 
02 - INVESTIGACION Y EXTENSION;2.1.2 Gastos de Funcionamiento;CONTRATOS;SERVICIOS PROFESIONALES;34; $ 104,534,468 ; $ 67,420,953 
12 - SECCIONAL DUITAMA;2.1.2 Gastos de Funcionamiento;CONTRATOS DE PERSONAL - OPS;SERVICIOS PROFESIONALES;34; $ 20,887,992 ; $ 16,840,000 
02 - INVESTIGACION Y EXTENSION;2.1.2 Gastos de Funcionamiento;ORDENES DE SERVICIOS;SERVICIOS PROFESIONALES;34; $ 19,498,351 ; $ 4,519,664 
11 - ESTUDIOS TECNOLOGICOS Y A DISTANCIA;2.1.2 Gastos de Funcionamiento;CONTRATOS DE PERSONAL - OPS;SERVICIOS PROFESIONALES;35; $ 580,053,795 ; $ 219,339,840 
07 - CIENCIAS DE LA SALUD;2.1.2 Gastos de Funcionamiento;CONTRATOS DE PERSONAL - OPS;SERVICIOS PROFESIONALES;35; $ 127,297,678 ; $ 31,712,000 
13 - SECCIONAL SOGAMOSO;2.1.2 Gastos de Funcionamiento;CONTRATOS DE PERSONAL - OPS;SERVICIOS PROFESIONALES;35; $ 109,845,586 ; $ 53,854,280 
02 - INVESTIGACION Y EXTENSION;2.1.2 Gastos de Funcionamiento;CONTRATOS DE PERSONAL - OPS;SERVICIOS PROFESIONALES;35; $ 53,209,614 ; $ 16,314,290 
12 - SECCIONAL DUITAMA;2.1.2 Gastos de Funcionamiento;CONTRATOS DE PERSONAL - OPS;SERVICIOS PROFESIONALES;35; $ 34,758,751 ; $ 2,000,000 
04 - CIENCIAS DE LA EDUCACION;2.1.2 Gastos de Funcionamiento;CONTRATOS DE PERSONAL - OPS;SERVICIOS PROFESIONALES;35; $ 32,243,668 ; $ -   
06 - CIENCIAS ECONOMICAS, ADMINISTRATIVAS Y CONTABLES;2.1.2 Gastos de Funcionamiento;CONTRATOS DE PERSONAL - OPS;SERVICIOS PROFESIONALES;35; $ 23,837,491 ; $ 7,055,500 
15 - SEDE REGIONAL AGUAZUL;2.1.2 Gastos de Funcionamiento;CONTRATOS DE PERSONAL - OPS;SERVICIOS PROFESIONALES;35; $ 3,100,949 ; $ 2,500,000 
14 - SECCIONAL CHIQUINQUIRA;2.1.2 Gastos de Funcionamiento;CONTRATOS DE PERSONAL - OPS;SERVICIOS PROFESIONALES;35; $ 2,779,840 ; $ 2,241,120 
01 - ADMINISTRATIVA Y FINANCIERA;2.1.2 Gastos de Funcionamiento;SERVICIOS PUBLICOS;SERVICIOS PÚBLICOS;10; $ 300,982,818 ; $ 242,653,796 
01 - ADMINISTRATIVA Y FINANCIERA;2.1.2 Gastos de Funcionamiento;SERVICIOS PUBLICOS;SERVICIOS PÚBLICOS;20; $ 2,148,825 ; $ 1,732,393 
01 - ADMINISTRATIVA Y FINANCIERA;2.1.2 Gastos de Funcionamiento;SERVICIOS PUBLICOS;SERVICIOS PÚBLICOS;31; $ 3,757,149,168 ; $ 1,733,608,077 
01 - ADMINISTRATIVA Y FINANCIERA;2.1.2 Gastos de Funcionamiento;CONTRATOS;SUMINISTRO DE ALIMENTOS;10; $ 10,695,378,961 ; $ 2,239,712,125 
01 - ADMINISTRATIVA Y FINANCIERA;2.1.2 Gastos de Funcionamiento;ORDENES DE SERVICIOS;SUMINISTRO DE ALIMENTOS;10.1; $ 98,362,102 ; $ 17,043,000 
01 - ADMINISTRATIVA Y FINANCIERA;2.1.2 Gastos de Funcionamiento;CONTRATOS;SUMINISTRO DE ALIMENTOS;14; $ 8,724,786,707 ; $ 4,356,654,128 
01 - ADMINISTRATIVA Y FINANCIERA;2.1.2 Gastos de Funcionamiento;CONTRATOS;SUMINISTRO DE ALIMENTOS;20; $ 814,295,337 ; $ 337,050,767 
01 - ADMINISTRATIVA Y FINANCIERA;2.1.2 Gastos de Funcionamiento;CONTRATOS;SUMINISTRO DE BIENES;10; $ 2,612,342,050 ; $ 1,965,684,828 
01 - ADMINISTRATIVA Y FINANCIERA;2.1.2 Gastos de Funcionamiento;ORDENES DE COMPRA;SUMINISTRO DE BIENES;10; $ 459,286,032 ; $ 326,906,089 
01 - ADMINISTRATIVA Y FINANCIERA;2.1.2 Gastos de Funcionamiento;ORDENES DE COMPRA;SUMINISTRO DE BIENES;14; $ 203,437,837 ; $ 69,466,545 
01 - ADMINISTRATIVA Y FINANCIERA;2.1.2 Gastos de Funcionamiento;CONTRATOS;SUMINISTRO DE BIENES;14; $ 195,146,939 ; $ 122,828,503 
01 - ADMINISTRATIVA Y FINANCIERA;2.1.2 Gastos de Funcionamiento;CONTRATOS;SUMINISTRO DE BIENES;20; $ 1,469,859,231 ; $ 857,467,175 
01 - ADMINISTRATIVA Y FINANCIERA;2.1.2 Gastos de Funcionamiento;ORDENES DE COMPRA;SUMINISTRO DE BIENES;20; $ 384,551,470 ; $ 222,696,483 
05 - CIENCIAS BASICAS;2.1.2 Gastos de Funcionamiento;ORDENES DE COMPRA;SUMINISTRO DE BIENES;20; $ 125,939,403 ; $ 79,789,776 
13 - SECCIONAL SOGAMOSO;2.1.2 Gastos de Funcionamiento;ORDENES DE COMPRA;SUMINISTRO DE BIENES;20; $ 104,159,058 ; $ 50,284,630 
12 - SECCIONAL DUITAMA;2.1.2 Gastos de Funcionamiento;ORDENES DE COMPRA;SUMINISTRO DE BIENES;20; $ 68,486,744 ; $ 54,218,417 
04 - CIENCIAS DE LA EDUCACION;2.1.2 Gastos de Funcionamiento;ORDENES DE COMPRA;SUMINISTRO DE BIENES;20; $ 51,862,876 ; $ 41,812,100 
09 - INGENIERIA;2.1.2 Gastos de Funcionamiento;ORDENES DE COMPRA;SUMINISTRO DE BIENES;20; $ 29,663,250 ; $ 2,071,157 
10 - DERECHO Y CIENCIAS SOCIALES;2.1.2 Gastos de Funcionamiento;ORDENES DE COMPRA;SUMINISTRO DE BIENES;20; $ 8,314,016 ; $ -   
07 - CIENCIAS DE LA SALUD;2.1.2 Gastos de Funcionamiento;ORDENES DE COMPRA;SUMINISTRO DE BIENES;20; $ 181,091 ; $ -   
01 - ADMINISTRATIVA Y FINANCIERA;2.1.2 Gastos de Funcionamiento;CONTRATOS;SUMINISTRO DE BIENES;31; $ 1,231,330,488 ; $ 823,837,000 
04 - CIENCIAS DE LA EDUCACION;2.1.2 Gastos de Funcionamiento;ORDENES DE COMPRA;SUMINISTRO DE BIENES;31; $ 46,248,258 ; $ -   
12 - SECCIONAL DUITAMA;2.1.2 Gastos de Funcionamiento;ORDENES DE COMPRA;SUMINISTRO DE BIENES;31; $ 18,357,193 ; $ 11,076,057 
08 - CIENCIAS AGROPECUARIAS;2.1.2 Gastos de Funcionamiento;ORDENES DE COMPRA;SUMINISTRO DE BIENES;32; $ 169,940,752 ; $ 73,448,238 
02 - INVESTIGACION Y EXTENSION;2.1.2 Gastos de Funcionamiento;CONTRATOS;SUMINISTRO DE BIENES;32; $ 158,337,991 ; $ -   
02 - INVESTIGACION Y EXTENSION;2.1.2 Gastos de Funcionamiento;ORDENES DE COMPRA;SUMINISTRO DE BIENES;32; $ 134,443,415 ; $ 30,342,348 
01 - ADMINISTRATIVA Y FINANCIERA;2.1.2 Gastos de Funcionamiento;ORDENES DE COMPRA;SUMINISTRO DE BIENES;32; $ 31,009,490 ; $ 25,000,000 
09 - INGENIERIA;2.1.2 Gastos de Funcionamiento;ORDENES DE COMPRA;SUMINISTRO DE BIENES;32; $ 27,463,008 ; $ 7,034,156 
01 - ADMINISTRATIVA Y FINANCIERA;2.1.2 Gastos de Funcionamiento;CONTRATOS;SUMINISTRO DE BIENES;32; $ 5,756,602 ; $ -   
08 - CIENCIAS AGROPECUARIAS;2.1.2 Gastos de Funcionamiento;ORDENES DE COMPRA;SUMINISTRO DE BIENES;33; $ 534,701,679 ; $ 268,320,123 
01 - ADMINISTRATIVA Y FINANCIERA;2.1.2 Gastos de Funcionamiento;ORDENES DE COMPRA;SUMINISTRO DE BIENES;33; $ 352,079,246 ; $ 127,015,449 
04 - CIENCIAS DE LA EDUCACION;2.1.2 Gastos de Funcionamiento;CONTRATOS;SUMINISTRO DE BIENES;33; $ 271,659,349 ; $ 219,013,074 
12 - SECCIONAL DUITAMA;2.1.2 Gastos de Funcionamiento;ORDENES DE COMPRA;SUMINISTRO DE BIENES;33; $ 82,396,412 ; $ 66,428,384 
13 - SECCIONAL SOGAMOSO;2.1.2 Gastos de Funcionamiento;ORDENES DE COMPRA;SUMINISTRO DE BIENES;33; $ 49,016,726 ; $ 39,517,520 
13 - SECCIONAL SOGAMOSO;2.1.2 Gastos de Funcionamiento;CONTRATOS;SUMINISTRO DE BIENES;33; $ 42,172,906 ; $ 34,000,000 
02 - INVESTIGACION Y EXTENSION;2.1.2 Gastos de Funcionamiento;CONTRATOS;SUMINISTRO DE BIENES;34; $ 256,685,395 ; $ 206,941,000 
02 - INVESTIGACION Y EXTENSION;2.1.2 Gastos de Funcionamiento;ORDENES DE COMPRA;SUMINISTRO DE BIENES;34; $ 73,841,197 ; $ 3,524,611 
01 - ADMINISTRATIVA Y FINANCIERA;2.1.2 Gastos de Funcionamiento;ORDENES DE COMPRA;SUMINISTRO DE BIENES;34; $ 1,918,867 ; $ -   
04 - CIENCIAS DE LA EDUCACION;2.1.2 Gastos de Funcionamiento;ORDENES DE COMPRA;SUMINISTRO DE BIENES;34; $ 1,380,988 ; $ -   
11 - ESTUDIOS TECNOLOGICOS Y A DISTANCIA;2.1.2 Gastos de Funcionamiento;ORDENES DE COMPRA;SUMINISTRO DE BIENES;35; $ 12,782,608 ; $ 10,305,400 
01 - ADMINISTRATIVA Y FINANCIERA;2.1.2 Gastos de Funcionamiento;CONTRATOS;SUMINISTRO DE BIENES;35; $ 10,496,216 ; $ -   
13 - SECCIONAL SOGAMOSO;2.1.2 Gastos de Funcionamiento;ORDENES DE COMPRA;SUMINISTRO DE BIENES;35; $ 4,732,048 ; $ 3,815,000 
02 - INVESTIGACION Y EXTENSION;2.1.2 Gastos de Funcionamiento;ORDENES DE COMPRA;SUMINISTRO DE BIENES;35; $ 2,214,078 ; $ 1,785,000 
01 - ADMINISTRATIVA Y FINANCIERA;2.1.2 Gastos de Funcionamiento;CONTRATOS;SUMINISTRO DE COMBUSTIBLES;20; $ 259,608,571 ; $ 111,409,430 
12 - SECCIONAL DUITAMA;2.1.2 Gastos de Funcionamiento;ORDENES DE COMPRA;SUMINISTRO DE COMBUSTIBLES;20; $ 2,934,118 ; $ 554,993 
02 - INVESTIGACION Y EXTENSION;2.1.2 Gastos de Funcionamiento;ORDENES DE COMPRA;SUMINISTRO DE COMBUSTIBLES;32; $ 23,544,762 ; $ 9,310,700 
12 - SECCIONAL DUITAMA;2.1.2 Gastos de Funcionamiento;ORDENES DE COMPRA;SUMINISTRO DE MEDICAMENTOS;20; $ 24,970,963 ; $ 20,131,452 
01 - ADMINISTRATIVA Y FINANCIERA;2.1.3 Transferencias Corrientes;GASTOS DIRECTOS - LIQUIDACIONES;RECONOCIMIENTOS SINDICALES;10; $ 275,655,745 ; $ 75,655,745 
01 - ADMINISTRATIVA Y FINANCIERA;2.1.3 Transferencias Corrientes;GASTOS DIRECTOS - LIQUIDACIONES;DERECHOS Y AFILIACIONES;10; $ 99,809,230 ; $ 99,809,230 
01 - ADMINISTRATIVA Y FINANCIERA;2.1.3 Transferencias Corrientes;GASTOS DIRECTOS - LIQUIDACIONES;SENTENCIAS Y CONCILIACIONES;10; $ 29,867,750 ; $ 19,867,750 
01 - ADMINISTRATIVA Y FINANCIERA;2.1.3 Transferencias Corrientes;GASTOS DIRECTOS - LIQUIDACIONES;RIESGOS IV Y V CONTRATISTAS;10; $ 28,786,500 ; $ 18,786,500 
01 - ADMINISTRATIVA Y FINANCIERA;2.1.3 Transferencias Corrientes;GASTOS DIRECTOS - LIQUIDACIONES;DOTACION EXFUNCIONARIOS EN DINERO;10; $ 912,204 ; $ 912,204 
01 - ADMINISTRATIVA Y FINANCIERA;2.1.3 Transferencias Corrientes;GASTOS DIRECTOS - LIQUIDACIONES;DOTACION EXFUNCIONARIOS EN DINERO;10.5; $ 425,988,480 ; $ 24,464,000 
01 - ADMINISTRATIVA Y FINANCIERA;2.1.3 Transferencias Corrientes;GASTOS DIRECTOS - LIQUIDACIONES;REEMBOLSOS POR VENTAS Y SERVICIOS EDUCATIVOS;14; $ 105,658,220 ; $ 104,612,099 
01 - ADMINISTRATIVA Y FINANCIERA;2.1.3 Transferencias Corrientes;GASTOS DIRECTOS - LIQUIDACIONES;DOTACION EXFUNCIONARIOS EN DINERO;14; $ 50,000,000 ; $ 50,000,000 
01 - ADMINISTRATIVA Y FINANCIERA;2.1.3 Transferencias Corrientes;GASTOS DIRECTOS - LIQUIDACIONES;PARTICIPACIÓN ECONÓMICA - CONVENIOS SERVICIOS EDUCATIVOS;14; $ 44,458,639 ; $ 44,458,639 
01 - ADMINISTRATIVA Y FINANCIERA;2.1.3 Transferencias Corrientes;GASTOS DIRECTOS - LIQUIDACIONES;RECONOCIMIENTOS SINDICALES;14; $ 240,000 ; $ 240,000 
01 - ADMINISTRATIVA Y FINANCIERA;2.1.3 Transferencias Corrientes;GASTOS DIRECTOS - LIQUIDACIONES;REEMBOLSOS POR VENTAS Y SERVICIOS EDUCATIVOS;20; $ 131,552,342 ; $ 38,368,766 
01 - ADMINISTRATIVA Y FINANCIERA;2.1.3 Transferencias Corrientes;GASTOS DIRECTOS - LIQUIDACIONES;APOYO ECONÓMICO ESTUDIANTES;20; $ 46,490,480 ; $ 46,490,480 
05 - CIENCIAS BASICAS;2.1.3 Transferencias Corrientes;GASTOS DIRECTOS - LIQUIDACIONES;DERECHOS Y AFILIACIONES;20; $ 16,963,501 ; $ 16,963,501 
13 - SECCIONAL SOGAMOSO;2.1.3 Transferencias Corrientes;GASTOS DIRECTOS - LIQUIDACIONES;DERECHOS Y AFILIACIONES;20; $ 15,797,596 ; $ 15,797,596 
06 - CIENCIAS ECONOMICAS, ADMINISTRATIVAS Y CONTABLES;2.1.3 Transferencias Corrientes;GASTOS DIRECTOS - LIQUIDACIONES;DERECHOS Y AFILIACIONES;20; $ 14,424,001 ; $ 14,424,001 
07 - CIENCIAS DE LA SALUD;2.1.3 Transferencias Corrientes;GASTOS DIRECTOS - LIQUIDACIONES;DERECHOS Y AFILIACIONES;20; $ 13,000,000 ; $ 13,000,000 
01 - ADMINISTRATIVA Y FINANCIERA;2.1.3 Transferencias Corrientes;GASTOS DIRECTOS - LIQUIDACIONES;DERECHOS Y AFILIACIONES;20; $ 11,244,050 ; $ 11,244,050 
09 - INGENIERIA;2.1.3 Transferencias Corrientes;GASTOS DIRECTOS - LIQUIDACIONES;DERECHOS Y AFILIACIONES;20; $ 11,135,000 ; $ 11,135,000 
10 - DERECHO Y CIENCIAS SOCIALES;2.1.3 Transferencias Corrientes;GASTOS DIRECTOS - LIQUIDACIONES;DERECHOS Y AFILIACIONES;20; $ 8,721,080 ; $ 8,721,080 
04 - CIENCIAS DE LA EDUCACION;2.1.3 Transferencias Corrientes;GASTOS DIRECTOS - LIQUIDACIONES;DERECHOS Y AFILIACIONES;20; $ 6,128,168 ; $ 6,128,168 
12 - SECCIONAL DUITAMA;2.1.3 Transferencias Corrientes;GASTOS DIRECTOS - LIQUIDACIONES;DERECHOS Y AFILIACIONES;20; $ 5,124,600 ; $ 5,124,600 
11 - ESTUDIOS TECNOLOGICOS Y A DISTANCIA;2.1.3 Transferencias Corrientes;GASTOS DIRECTOS - LIQUIDACIONES;DERECHOS Y AFILIACIONES;20; $ 4,488,295 ; $ 4,488,295 
14 - SECCIONAL CHIQUINQUIRA;2.1.3 Transferencias Corrientes;GASTOS DIRECTOS - LIQUIDACIONES;DERECHOS Y AFILIACIONES;20; $ 2,626,358 ; $ 2,626,358 
13 - SECCIONAL SOGAMOSO;2.1.3 Transferencias Corrientes;GASTOS DIRECTOS - LIQUIDACIONES;RIESGOS IV Y V CONTRATISTAS;20; $ 2,454,800 ; $ 1,454,800 
09 - INGENIERIA;2.1.3 Transferencias Corrientes;GASTOS DIRECTOS - LIQUIDACIONES;APOYO ECONÓMICO ESTUDIANTES;20; $ 583,066 ; $ 583,066 
01 - ADMINISTRATIVA Y FINANCIERA;2.1.3 Transferencias Corrientes;GASTOS DIRECTOS - LIQUIDACIONES;DEVOLUCIÓN RECURSOS DE TERCEROS;20; $ 474,500 ; $ 474,500 
09 - INGENIERIA;2.1.3 Transferencias Corrientes;GASTOS DIRECTOS - LIQUIDACIONES;REEMBOLSOS POR VENTAS Y SERVICIOS EDUCATIVOS;20; $ 234,000 ; $ 234,000 
04 - CIENCIAS DE LA EDUCACION;2.1.3 Transferencias Corrientes;GASTOS DIRECTOS - LIQUIDACIONES;DERECHOS Y AFILIACIONES;31; $ 25,432,920 ; $ 25,432,920 
09 - INGENIERIA;2.1.3 Transferencias Corrientes;GASTOS DIRECTOS - LIQUIDACIONES;REEMBOLSOS POR VENTAS Y SERVICIOS EDUCATIVOS;31; $ 18,251,400 ; $ 18,251,400 
07 - CIENCIAS DE LA SALUD;2.1.3 Transferencias Corrientes;GASTOS DIRECTOS - LIQUIDACIONES;REEMBOLSOS POR VENTAS Y SERVICIOS EDUCATIVOS;31; $ 16,487,900 ; $ 16,487,900 
05 - CIENCIAS BASICAS;2.1.3 Transferencias Corrientes;GASTOS DIRECTOS - LIQUIDACIONES;REEMBOLSOS POR VENTAS Y SERVICIOS EDUCATIVOS;31; $ 15,017,225 ; $ 15,017,225 
06 - CIENCIAS ECONOMICAS, ADMINISTRATIVAS Y CONTABLES;2.1.3 Transferencias Corrientes;GASTOS DIRECTOS - LIQUIDACIONES;DERECHOS Y AFILIACIONES;31; $ 10,892,217 ; $ 10,892,217 
04 - CIENCIAS DE LA EDUCACION;2.1.3 Transferencias Corrientes;GASTOS DIRECTOS - LIQUIDACIONES;REEMBOLSOS POR VENTAS Y SERVICIOS EDUCATIVOS;31; $ 9,403,650 ; $ 9,403,650 
05 - CIENCIAS BASICAS;2.1.3 Transferencias Corrientes;GASTOS DIRECTOS - LIQUIDACIONES;APOYO ECONÓMICO ESTUDIANTES;31; $ 6,795,220 ; $ -   
11 - ESTUDIOS TECNOLOGICOS Y A DISTANCIA;2.1.3 Transferencias Corrientes;GASTOS DIRECTOS - LIQUIDACIONES;REEMBOLSOS POR VENTAS Y SERVICIOS EDUCATIVOS;31; $ 6,102,801 ; $ 6,102,801 
13 - SECCIONAL SOGAMOSO;2.1.3 Transferencias Corrientes;GASTOS DIRECTOS - LIQUIDACIONES;REEMBOLSOS POR VENTAS Y SERVICIOS EDUCATIVOS;31; $ 5,963,882 ; $ 5,963,882 
06 - CIENCIAS ECONOMICAS, ADMINISTRATIVAS Y CONTABLES;2.1.3 Transferencias Corrientes;GASTOS DIRECTOS - LIQUIDACIONES;REEMBOLSOS POR VENTAS Y SERVICIOS EDUCATIVOS;31; $ 569,400 ; $ 569,400 
12 - SECCIONAL DUITAMA;2.1.3 Transferencias Corrientes;GASTOS DIRECTOS - LIQUIDACIONES;REEMBOLSOS POR VENTAS Y SERVICIOS EDUCATIVOS;31; $ 569,400 ; $ 569,400 
08 - CIENCIAS AGROPECUARIAS;2.1.3 Transferencias Corrientes;GASTOS DIRECTOS - LIQUIDACIONES;REEMBOLSOS POR VENTAS Y SERVICIOS EDUCATIVOS;31; $ 284,700 ; $ 284,700 
10 - DERECHO Y CIENCIAS SOCIALES;2.1.3 Transferencias Corrientes;GASTOS DIRECTOS - LIQUIDACIONES;REEMBOLSOS POR VENTAS Y SERVICIOS EDUCATIVOS;31; $ 284,700 ; $ 284,700 
08 - CIENCIAS AGROPECUARIAS;2.1.3 Transferencias Corrientes;GASTOS DIRECTOS - LIQUIDACIONES;DERECHOS Y AFILIACIONES;32; $ 13,711,975 ; $ 4,957,550 
09 - INGENIERIA;2.1.3 Transferencias Corrientes;GASTOS DIRECTOS - LIQUIDACIONES;RIESGOS IV Y V CONTRATISTAS;32; $ 4,664,900 ; $ 4,664,900 
02 - INVESTIGACION Y EXTENSION;2.1.3 Transferencias Corrientes;GASTOS DIRECTOS - LIQUIDACIONES;REEMBOLSOS POR VENTAS Y SERVICIOS EDUCATIVOS;32; $ 2,570,700 ; $ 2,570,700 
13 - SECCIONAL SOGAMOSO;2.1.3 Transferencias Corrientes;GASTOS DIRECTOS - LIQUIDACIONES;RIESGOS IV Y V CONTRATISTAS;32; $ 698,900 ; $ 698,900 
04 - CIENCIAS DE LA EDUCACION;2.1.3 Transferencias Corrientes;GASTOS DIRECTOS - LIQUIDACIONES;DEVOLUCIÓN RECURSOS DE TERCEROS;33; $ 3,480,686,755 ; $ 3,480,686,755 
01 - ADMINISTRATIVA Y FINANCIERA;2.1.3 Transferencias Corrientes;GASTOS DIRECTOS - LIQUIDACIONES;RIESGOS IV Y V CONTRATISTAS;33; $ 27,789,500 ; $ 27,789,500 
02 - INVESTIGACION Y EXTENSION;2.1.3 Transferencias Corrientes;GASTOS DIRECTOS - LIQUIDACIONES;RIESGOS IV Y V CONTRATISTAS;33; $ 22,909,000 ; $ 22,909,000 
13 - SECCIONAL SOGAMOSO;2.1.3 Transferencias Corrientes;GASTOS DIRECTOS - LIQUIDACIONES;RIESGOS IV Y V CONTRATISTAS;33; $ 12,202,200 ; $ 12,202,200 
13 - SECCIONAL SOGAMOSO;2.1.3 Transferencias Corrientes;GASTOS DIRECTOS - LIQUIDACIONES;DEVOLUCIÓN RECURSOS DE TERCEROS;33; $ 1,215,471 ; $ 1,215,471 
02 - INVESTIGACION Y EXTENSION;2.1.3 Transferencias Corrientes;GASTOS DIRECTOS - LIQUIDACIONES;DEVOLUCIÓN RECURSOS DE TERCEROS;34; $ 860,533,189 ; $ 860,533,189 
02 - INVESTIGACION Y EXTENSION;2.1.3 Transferencias Corrientes;GASTOS DIRECTOS - LIQUIDACIONES;APOYO ECONÓMICO ESTUDIANTES;34; $ 194,436,000 ; $ 194,436,000 
04 - CIENCIAS DE LA EDUCACION;2.1.3 Transferencias Corrientes;GASTOS DIRECTOS - LIQUIDACIONES;REEMBOLSOS POR VENTAS Y SERVICIOS EDUCATIVOS;34; $ 34,804,575 ; $ 34,804,575 
10 - DERECHO Y CIENCIAS SOCIALES;2.1.3 Transferencias Corrientes;GASTOS DIRECTOS - LIQUIDACIONES;REEMBOLSOS POR VENTAS Y SERVICIOS EDUCATIVOS;35; $ 856,250 ; $ 856,250 
01 - ADMINISTRATIVA Y FINANCIERA;2.1.8 Tasas y Multas;GASTOS DIRECTOS - LIQUIDACIONES;IMPUESTOS, TASAS Y CONTRIBUCCIONES;10; $ 2,450,818,807 ; $ 2,426,553,274 
01 - ADMINISTRATIVA Y FINANCIERA;2.1.8 Tasas y Multas;GASTOS DIRECTOS - LIQUIDACIONES;DERECHOS Y AFILIACIONES;10; $ 62,741,479 ; $ 42,741,479 
01 - ADMINISTRATIVA Y FINANCIERA;2.1.8 Tasas y Multas;AVANCES;AVANCE DE BIENES Y SERVICIOS;10; $ 200,000 ; $ 200,000 
01 - ADMINISTRATIVA Y FINANCIERA;2.1.8 Tasas y Multas;GASTOS DIRECTOS - LIQUIDACIONES;IMPUESTOS, TASAS Y CONTRIBUCCIONES;10.5; $ 1,737,855,575 ; $ 1,134,043,000 
01 - ADMINISTRATIVA Y FINANCIERA;2.1.8 Tasas y Multas;GASTOS DIRECTOS - LIQUIDACIONES;GRAVAMEN MOVIMIENTOS FINANCIEROS;14; $ 259,168,874 ; $ 258,550,347 
01 - ADMINISTRATIVA Y FINANCIERA;2.1.8 Tasas y Multas;AVANCES;AVANCE DE BIENES Y SERVICIOS;17; $ 200,000 ; $ -   
01 - ADMINISTRATIVA Y FINANCIERA;2.1.8 Tasas y Multas;GASTOS DIRECTOS - LIQUIDACIONES;GRAVAMEN MOVIMIENTOS FINANCIEROS;20; $ 28,427,587 ; $ 28,427,587 
01 - ADMINISTRATIVA Y FINANCIERA;2.1.8 Tasas y Multas;CAJA MENOR - CONSTITUCION;CONSTITUCIÓN CAJA MENOR;20; $ 6,395,000 ; $ 6,395,000 
13 - SECCIONAL SOGAMOSO;2.1.8 Tasas y Multas;CAJA MENOR - CONSTITUCION;CONSTITUCIÓN CAJA MENOR;20; $ 2,700,000 ; $ 1,700,000 
02 - INVESTIGACION Y EXTENSION;2.1.8 Tasas y Multas;GASTOS DIRECTOS - LIQUIDACIONES;GRAVAMEN MOVIMIENTOS FINANCIEROS;20; $ 1,649,442 ; $ 1,637,942 
01 - ADMINISTRATIVA Y FINANCIERA;2.1.8 Tasas y Multas;GASTOS DIRECTOS - LIQUIDACIONES;DERECHOS Y AFILIACIONES;20; $ 831,000 ; $ 831,000 
12 - SECCIONAL DUITAMA;2.1.8 Tasas y Multas;CAJA MENOR - CONSTITUCION;CONSTITUCIÓN CAJA MENOR;20; $ 500,000 ; $ 500,000 
14 - SECCIONAL CHIQUINQUIRA;2.1.8 Tasas y Multas;CAJA MENOR - CONSTITUCION;CONSTITUCIÓN CAJA MENOR;20; $ 500,000 ; $ 500,000 
02 - INVESTIGACION Y EXTENSION;2.1.8 Tasas y Multas;GASTOS DIRECTOS - LIQUIDACIONES;IMPUESTOS, TASAS Y CONTRIBUCCIONES;32; $ 3,094,900 ; $ 3,094,900 
02 - INVESTIGACION Y EXTENSION;2.1.8 Tasas y Multas;CAJA MENOR - CONSTITUCION;CONSTITUCIÓN CAJA MENOR;32; $ 298,900 ; $ 298,900 
13 - SECCIONAL SOGAMOSO;2.1.8 Tasas y Multas;GASTOS DIRECTOS - LIQUIDACIONES;GRAVAMEN MOVIMIENTOS FINANCIEROS;33; $ 2,094,111 ; $ 2,094,111 
02 - INVESTIGACION Y EXTENSION;2.1.8 Tasas y Multas;GASTOS DIRECTOS - LIQUIDACIONES;GRAVAMEN MOVIMIENTOS FINANCIEROS;33; $ 1,756,647 ; $ 1,756,647 
08 - CIENCIAS AGROPECUARIAS;2.1.8 Tasas y Multas;GASTOS DIRECTOS - LIQUIDACIONES;GRAVAMEN MOVIMIENTOS FINANCIEROS;33; $ 995,406 ; $ 995,406 
09 - INGENIERIA;2.1.8 Tasas y Multas;GASTOS DIRECTOS - LIQUIDACIONES;GRAVAMEN MOVIMIENTOS FINANCIEROS;33; $ 41,111 ; $ 41,111 
04 - CIENCIAS DE LA EDUCACION;2.1.8 Tasas y Multas;GASTOS DIRECTOS - LIQUIDACIONES;GRAVAMEN MOVIMIENTOS FINANCIEROS;34; $ 122,736 ; $ 122,736 
01 - ADMINISTRATIVA Y FINANCIERA;2.3 Gastos de Inversión;CONTRATOS DE PERSONAL - OPS;SERVICIOS PROFESIONALES;12; $ 2,910,113,063 ; $ 1,428,402,985 
01 - ADMINISTRATIVA Y FINANCIERA;2.3 Gastos de Inversión;CONTRATOS;SUMINISTRO DE BIENES;12; $ 1,961,334,296 ; $ 70,000,000 
01 - ADMINISTRATIVA Y FINANCIERA;2.3 Gastos de Inversión;CONTRATOS;CONTRATO DE OBRA - MANTENIMIENTO - SUMINISTRO;12; $ 1,204,857,932 ; $ 231,889,577 
01 - ADMINISTRATIVA Y FINANCIERA;2.3 Gastos de Inversión;CONTRATOS;CONSTRUCCION - EQUIPOS, MATERIALES Y SUMINISTROS;12; $ 1,040,511,967 ; $ 94,522,358 
01 - ADMINISTRATIVA Y FINANCIERA;2.3 Gastos de Inversión;CONTRATOS;SERVICIOS DE COMUNICACIONES;12; $ 349,162,326 ; $ 157,579,896 
01 - ADMINISTRATIVA Y FINANCIERA;2.3 Gastos de Inversión;ORDENES DE COMPRA;SUMINISTRO DE BIENES;12; $ 224,216,120 ; $ 85,624,000 
01 - ADMINISTRATIVA Y FINANCIERA;2.3 Gastos de Inversión;ORDENES DE SERVICIOS;SERVICIOS DE COMUNICACIONES;12; $ 208,373,669 ; $ 160,431,569 
01 - ADMINISTRATIVA Y FINANCIERA;2.3 Gastos de Inversión;COMISIONES DE PERSONAL;COMISIÓN DE SERVICIOS AL EXTERIOR;12; $ 166,257,421 ; $ 166,257,421 
01 - ADMINISTRATIVA Y FINANCIERA;2.3 Gastos de Inversión;PRESTACION DE SERVICIOS - RESOLUCIONES;INCENTIVOS MONITORÍAS;12; $ 134,952,800 ; $ 124,542,085 
01 - ADMINISTRATIVA Y FINANCIERA;2.3 Gastos de Inversión;CONTRATOS;SERVICIOS DE MANTENIMIENTO;12; $ 102,079,849 ; $ -   
01 - ADMINISTRATIVA Y FINANCIERA;2.3 Gastos de Inversión;CONTRATOS;OTROS SERVICIOS;12; $ 98,175,000 ; $ -   
01 - ADMINISTRATIVA Y FINANCIERA;2.3 Gastos de Inversión;CONTRATOS;CONTRATO DE OBRA - SERVICIO, MATERIALES Y EQUIPOS;12; $ 67,774,927 ; $ 53,826,777 
01 - ADMINISTRATIVA Y FINANCIERA;2.3 Gastos de Inversión;CONTRATOS;SERVICIOS PROFESIONALES;12; $ 50,000,000 ; $ 5,950,000 
01 - ADMINISTRATIVA Y FINANCIERA;2.3 Gastos de Inversión;ORDENES DE SERVICIOS;SERVICIOS DE MANTENIMIENTO;12; $ 45,802,389 ; $ 15,295,890 
01 - ADMINISTRATIVA Y FINANCIERA;2.3 Gastos de Inversión;COMISIONES DE PERSONAL;COMISIÓN DE SERVICIOS AL INTERIOR;12; $ 33,229,768 ; $ 32,437,448 
01 - ADMINISTRATIVA Y FINANCIERA;2.3 Gastos de Inversión;CONTRATOS;SERVICIOS DE PUBLICACIÓN;12; $ 29,783,962 ; $ 27,627,975 
01 - ADMINISTRATIVA Y FINANCIERA;2.3 Gastos de Inversión;AVANCES;AVANCE DE BIENES Y SERVICIOS;12; $ 25,783,096 ; $ 19,546,616 
01 - ADMINISTRATIVA Y FINANCIERA;2.3 Gastos de Inversión;GASTOS DIRECTOS - LIQUIDACIONES;INSCRIPCIONES A SEMINARIOS, CURSOS, CONGRESOS Y OTROS;12; $ 17,066,480 ; $ 5,354,480 
01 - ADMINISTRATIVA Y FINANCIERA;2.3 Gastos de Inversión;GASTOS DIRECTOS - LIQUIDACIONES;IMPUESTOS, TASAS Y CONTRIBUCCIONES;12; $ 6,574,500 ; $ 6,574,500 
01 - ADMINISTRATIVA Y FINANCIERA;2.3 Gastos de Inversión;LIQUIDACIÓN DE INVITACIÓN;APOYO PARTICIPACION EVENTOS ACADEMICOS;12; $ 6,229,904 ; $ 6,229,904 
01 - ADMINISTRATIVA Y FINANCIERA;2.3 Gastos de Inversión;GASTOS DIRECTOS - LIQUIDACIONES;DERECHOS Y AFILIACIONES;12; $ 900,000 ; $ -   
01 - ADMINISTRATIVA Y FINANCIERA;2.3 Gastos de Inversión;CONTRATOS DE PERSONAL - OPS;SERVICIOS PROFESIONALES;16; $ 2,718,384,920 ; $ 1,344,206,013 
01 - ADMINISTRATIVA Y FINANCIERA;2.3 Gastos de Inversión;CONTRATOS;SUMINISTRO DE BIENES;16; $ 1,224,780,328 ; $ 187,759,868 
01 - ADMINISTRATIVA Y FINANCIERA;2.3 Gastos de Inversión;CONTRATOS;CONTRATO DE OBRA - CONSTRUCCIÓN;16; $ 945,840,280 ; $ -   
01 - ADMINISTRATIVA Y FINANCIERA;2.3 Gastos de Inversión;CONTRATOS;SERVICIOS DE COMUNICACIONES;16; $ 934,398,997 ; $ 934,398,997 
01 - ADMINISTRATIVA Y FINANCIERA;2.3 Gastos de Inversión;CONTRATOS;SERVICIOS DE TRANSPORTE;16; $ 319,914,992 ; $ 102,057,821 
01 - ADMINISTRATIVA Y FINANCIERA;2.3 Gastos de Inversión;ORDENES DE COMPRA;SUMINISTRO DE BIENES;16; $ 290,982,704 ; $ 204,372,930 
01 - ADMINISTRATIVA Y FINANCIERA;2.3 Gastos de Inversión;CONTRATOS;SERVICIOS PROFESIONALES;16; $ 160,628,020 ; $ 70,000,000 
01 - ADMINISTRATIVA Y FINANCIERA;2.3 Gastos de Inversión;GASTOS DIRECTOS - LIQUIDACIONES;APOYO ECONÓMICO ESTUDIANTES;16; $ 126,872,067 ; $ 108,728,067 
01 - ADMINISTRATIVA Y FINANCIERA;2.3 Gastos de Inversión;CONTRATOS;CONTRATO DE OBRA - SERVICIO, MATERIALES Y EQUIPOS;16; $ 101,714,023 ; $ -   
01 - ADMINISTRATIVA Y FINANCIERA;2.3 Gastos de Inversión;CONTRATOS;CONTRATO DE OBRA - MANTENIMIENTO - SUMINISTRO;16; $ 91,797,314 ; $ -   
01 - ADMINISTRATIVA Y FINANCIERA;2.3 Gastos de Inversión;ORDENES DE SERVICIOS;OTROS SERVICIOS;16; $ 65,000,000 ; $ 55,000,000 
01 - ADMINISTRATIVA Y FINANCIERA;2.3 Gastos de Inversión;ORDENES DE SERVICIOS;SERVICIOS DE COMUNICACIONES;16; $ 55,043,344 ; $ 23,588,000 
01 - ADMINISTRATIVA Y FINANCIERA;2.3 Gastos de Inversión;GASTOS DIRECTOS - LIQUIDACIONES;DERECHOS Y AFILIACIONES;16; $ 47,969,485 ; $ 47,969,485 
01 - ADMINISTRATIVA Y FINANCIERA;2.3 Gastos de Inversión;ORDENES DE SERVICIOS;SERVICIOS DE MANTENIMIENTO;16; $ 45,003,687 ; $ -   
01 - ADMINISTRATIVA Y FINANCIERA;2.3 Gastos de Inversión;ORDENES DE SERVICIOS;ARRENDAMIENTO DE BIENES INMUEBLES;16; $ 32,514,032 ; $ 32,514,032 
01 - ADMINISTRATIVA Y FINANCIERA;2.3 Gastos de Inversión;COMISIONES DE PERSONAL;COMISIÓN DE SERVICIOS AL EXTERIOR;16; $ 27,218,849 ; $ 27,218,849 
01 - ADMINISTRATIVA Y FINANCIERA;2.3 Gastos de Inversión;ORDENES DE SERVICIOS;SERVICIOS DE IMPRESIÓN;16; $ 23,449,183 ; $ 20,841,000 
01 - ADMINISTRATIVA Y FINANCIERA;2.3 Gastos de Inversión;LIQUIDACIÓN DE INVITACIÓN;APOYO PARTICIPACION EVENTOS ACADEMICOS;16; $ 14,740,000 ; $ 10,739,405 
01 - ADMINISTRATIVA Y FINANCIERA;2.3 Gastos de Inversión;GASTOS DIRECTOS - LIQUIDACIONES;IMPUESTOS, TASAS Y CONTRIBUCCIONES;16; $ 11,990,023 ; $ 11,990,023 
01 - ADMINISTRATIVA Y FINANCIERA;2.3 Gastos de Inversión;GASTOS DIRECTOS - LIQUIDACIONES;SERVICIOS INTERNOS;16; $ 7,900,000 ; $ -   
01 - ADMINISTRATIVA Y FINANCIERA;2.3 Gastos de Inversión;COMISIONES DE PERSONAL;COMISIÓN DE SERVICIOS AL INTERIOR;16; $ 6,605,210 ; $ 4,111,260 
01 - ADMINISTRATIVA Y FINANCIERA;2.3 Gastos de Inversión;PRESTACION DE SERVICIOS - RESOLUCIONES;RESOLUCION DE INCENTIVOS;16; $ 4,950,000 ; $ -   
01 - ADMINISTRATIVA Y FINANCIERA;2.3 Gastos de Inversión;AVANCES;AVANCE DE BIENES Y SERVICIOS;16; $ 4,664,319 ; $ 4,664,319 
01 - ADMINISTRATIVA Y FINANCIERA;2.3 Gastos de Inversión;GASTOS DIRECTOS - LIQUIDACIONES;HONORARIOS;16; $ 3,751,549 ; $ 3,751,549 
01 - ADMINISTRATIVA Y FINANCIERA;2.3 Gastos de Inversión;ORDENES DE SERVICIOS;SERVICIOS DE TRANSPORTE;16; $ 3,000,000 ; $ -   
01 - ADMINISTRATIVA Y FINANCIERA;2.3 Gastos de Inversión;GASTOS DIRECTOS - LIQUIDACIONES;INSCRIPCIONES A SEMINARIOS, CURSOS, CONGRESOS Y OTROS;16; $ 1,000,000 ; $ -   
01 - ADMINISTRATIVA Y FINANCIERA;2.3 Gastos de Inversión;CONTRATOS DE PERSONAL - OPS;SERVICIOS PROFESIONALES;16.1; $ 90,878,792 ; $ -   
01 - ADMINISTRATIVA Y FINANCIERA;2.3 Gastos de Inversión;ORDENES DE SERVICIOS;SUMINISTRO DE HOSPEDAJE Y ALIMENTACIÓN;16.1; $ 76,827,895 ; $ -   
01 - ADMINISTRATIVA Y FINANCIERA;2.3 Gastos de Inversión;CONTRATOS DE PERSONAL - OPS;SERVICIOS PROFESIONALES;40; $ 745,435,556 ; $ 356,464,060 
01 - ADMINISTRATIVA Y FINANCIERA;2.3 Gastos de Inversión;CONTRATOS;SERVICIOS DE COMUNICACIONES;40; $ 515,152,340 ; $ 243,615,694 
01 - ADMINISTRATIVA Y FINANCIERA;2.3 Gastos de Inversión;CONTRATOS;SUMINISTRO DE BIENES;40; $ 371,602,828 ; $ 317,596,627 
01 - ADMINISTRATIVA Y FINANCIERA;2.3 Gastos de Inversión;ORDENES DE COMPRA;SUMINISTRO DE BIENES;40; $ 247,183,122 ; $ 23,200,169 
01 - ADMINISTRATIVA Y FINANCIERA;2.3 Gastos de Inversión;GASTOS DIRECTOS - LIQUIDACIONES;INSCRIPCIONES A SEMINARIOS, CURSOS, CONGRESOS Y OTROS;40; $ 241,765,650 ; $ 241,765,650 
01 - ADMINISTRATIVA Y FINANCIERA;2.3 Gastos de Inversión;GASTOS DIRECTOS - LIQUIDACIONES;APOYO ECONÓMICO ESTUDIANTES;40; $ 208,357,695 ; $ 208,357,695 
01 - ADMINISTRATIVA Y FINANCIERA;2.3 Gastos de Inversión;CONTRATOS;SERVICIOS DE TRANSPORTE;40; $ 200,000,000 ; $ 173,126,137 
01 - ADMINISTRATIVA Y FINANCIERA;2.3 Gastos de Inversión;CONTRATOS;CONTRATO DE OBRA - CONSTRUCCIÓN;40; $ 186,358,772 ; $ 186,358,772 
01 - ADMINISTRATIVA Y FINANCIERA;2.3 Gastos de Inversión;ORDENES DE SERVICIOS;SERVICIOS PROFESIONALES;40; $ 136,744,579 ; $ 101,299,875 
01 - ADMINISTRATIVA Y FINANCIERA;2.3 Gastos de Inversión;AVANCES;AVANCE DE BIENES Y SERVICIOS;40; $ 132,093,351 ; $ 121,959,071 
01 - ADMINISTRATIVA Y FINANCIERA;2.3 Gastos de Inversión;ORDENES DE SERVICIOS;SERVICIOS DE COMUNICACIONES;40; $ 84,418,499 ; $ 15,000,000 
01 - ADMINISTRATIVA Y FINANCIERA;2.3 Gastos de Inversión;PRESTACION DE SERVICIOS - RESOLUCIONES;INCENTIVOS MONITORÍAS;40; $ 65,350,732 ; $ 58,952,759 
01 - ADMINISTRATIVA Y FINANCIERA;2.3 Gastos de Inversión;COMISIONES DE PERSONAL;COMISIÓN DE SERVICIOS AL INTERIOR;40; $ 46,721,600 ; $ 45,583,665 
01 - ADMINISTRATIVA Y FINANCIERA;2.3 Gastos de Inversión;COMISIONES DE PERSONAL;COMISIÓN DE SERVICIOS AL EXTERIOR;40; $ 21,182,788 ; $ 21,182,788 
01 - ADMINISTRATIVA Y FINANCIERA;2.3 Gastos de Inversión;LIQUIDACIÓN DE INVITACIÓN;APOYO PARTICIPACION EVENTOS ACADEMICOS;40; $ 9,000,000 ; $ 5,500,000 
01 - ADMINISTRATIVA Y FINANCIERA;2.3 Gastos de Inversión;GASTOS DIRECTOS - LIQUIDACIONES;SERVICIOS INTERNOS;40; $ 7,390,000 ; $ 7,390,000 
01 - ADMINISTRATIVA Y FINANCIERA;2.3 Gastos de Inversión;GASTOS DIRECTOS - LIQUIDACIONES;DERECHOS Y AFILIACIONES;40; $ 2,100,000 ; $ -   
