Vigencia;Unidad;Codigo;Recurso;Concepto;Valor ene;Valor feb;Valor mar;Valor abr;Valor may;Valor jun;Valor jul;Valor ago;Valor sep;Valor oct;Valor nov;Valor dic
01 - ADMINISTRATIVA Y FINANCIERA;1.1.02.06.006.01.01;10;Aportes para Funcionamiento;3.14782E+11;$ 21,345,948,000.00;$ 27,167,570,238.00;$ 27,167,570,238.00;$ 27,167,570,238.00;$ 27,167,570,238.00;$ 27,167,570,238.00;$ 27,167,570,238.00;$ 0.00;$ 0.00;$ 0.00;$ 0.00;$ 0.00
01 - ADMINISTRATIVA Y FINANCIERA;1.2.10.02.001;10;Recursos del balance - Aportes funcionamiento;545944007.9;$ 0.00;$ 0.00;$ 0.00;$ 0.00;$ 0.00;$ 0.00;$ 0.00;$ 0.00;$ 0.00;$ 0.00;$ 0.00;$ 0.00
01 - ADMINISTRATIVA Y FINANCIERA;1.2.13.01.002;10;Ingresos de Vigencias Anteriores - Aportes;0;$ 11,038,169,644.00;$ 0.00;$ 0.00;$ 0.00;$ 0.00;$ 0.00;$ 0.00;$ 0.00;$ 0.00;$ 0.00;$ 0.00;$ 0.00
01 - ADMINISTRATIVA Y FINANCIERA;1.2.10.02.021;10.1;Recursos del balance - PIC Convencional;1967656093;$ 0.00;$ 0.00;$ 0.00;$ 0.00;$ 0.00;$ 0.00;$ 0.00;$ 0.00;$ 0.00;$ 0.00;$ 0.00;$ 0.00
01 - ADMINISTRATIVA Y FINANCIERA;1.2.10.02.020;10.2;Recursos del balance - PIC Territorial;936477783.6;$ 0.00;$ 0.00;$ 0.00;$ 0.00;$ 0.00;$ 0.00;$ 0.00;$ 0.00;$ 0.00;$ 0.00;$ 0.00;$ 0.00
01 - ADMINISTRATIVA Y FINANCIERA;1.1.02.06.006.01.10;10.5;Matrículas Pregrado-Política de Gratuidad;20708427143;$ 0.00;$ 0.00;$ 0.00;$ 1,395,938,900.00;$ 0.00;$ 0.00;$ 0.00;$ 0.00;$ 0.00;$ 0.00;$ 0.00;$ 0.00
01 - ADMINISTRATIVA Y FINANCIERA;1.1.02.06.006.07.01;12;Estampilla Pro- Universidad Nacional y Demás Entidades Estatales de Colombia;5706455422;$ 0.00;$ 0.00;$ 0.00;$ 0.00;$ 0.00;$ 7,265,094,590.00;$ 0.00;$ 0.00;$ 0.00;$ 0.00;$ 0.00;$ 0.00
01 - ADMINISTRATIVA Y FINANCIERA;1.2.05.02.003;12;Rendimientos Financieros - Estampilla Pro UNAL y demas universidades;0;$ 254,794.58;$ 254,794.58;$ 1,771,232.79;$ 2,165,753.31;$ 2,486,301.30;$ 2,567,671.20;$ 0.00;$ 0.00;$ 0.00;$ 0.00;$ 0.00;$ 0.00
01 - ADMINISTRATIVA Y FINANCIERA;1.2.10.02.007;12;Recursos del balance - Estampilla Prounal;9991479040;$ 0.00;$ 0.00;$ 0.00;$ 0.00;$ 0.00;$ 0.00;$ 0.00;$ 0.00;$ 0.00;$ 0.00;$ 0.00;$ 0.00
01 - ADMINISTRATIVA Y FINANCIERA;1.1.02.06.006.06.00;13;Excedentes Cooperativas Art.142, Ley 1819 del 2016;2126284735;$ 0.00;$ 0.00;$ 0.00;$ 0.00;$ 0.00;$ 1,534,765,063.00;$ 0.00;$ 0.00;$ 0.00;$ 0.00;$ 0.00;$ 0.00
01 - ADMINISTRATIVA Y FINANCIERA;1.2.10.02.022;13;Recursos del Balance - Cooperativas;1887697;$ 0.00;$ 0.00;$ 0.00;$ 0.00;$ 0.00;$ 0.00;$ 0.00;$ 0.00;$ 0.00;$ 0.00;$ 0.00;$ 0.00
01 - ADMINISTRATIVA Y FINANCIERA;1.1.02.06.006.01.03;14;Matrículas Pregrado FSE;18737327483;$ 0.00;$ 0.00;$ 0.00;$ 0.00;$ 0.00;$ 0.00;$ 0.00;$ 0.00;$ 0.00;$ 0.00;$ 0.00;$ 0.00
01 - ADMINISTRATIVA Y FINANCIERA;1.2.10.02.023;14;Recursos del balance - Matrículas FSE;888183454.3;$ 0.00;$ 0.00;$ 0.00;$ 0.00;$ 0.00;$ 0.00;$ 0.00;$ 0.00;$ 0.00;$ 0.00;$ 0.00;$ 0.00
01 - ADMINISTRATIVA Y FINANCIERA;1.1.02.06.006.01.02;16;Aportes para Inversion;7728720060;$ 0.00;$ 0.00;$ 7,740,281,271.00;$ 0.00;$ 0.00;$ 0.00;$ 0.00;$ 0.00;$ 0.00;$ 0.00;$ 0.00;$ 0.00
01 - ADMINISTRATIVA Y FINANCIERA;1.2.05.02.004;16;Rendimientos Financieros - CREE;0;$ 85,937.43;$ 0.00;$ 77,759.45;$ 85,947.92;$ 83,905.06;$ 85,955.05;$ 0.00;$ 0.00;$ 0.00;$ 0.00;$ 0.00;$ 0.00
01 - ADMINISTRATIVA Y FINANCIERA;1.2.10.02.014;16;Recursos del balance - Aportes inversion;5148400892;$ 0.00;$ 0.00;$ 0.00;$ 0.00;$ 0.00;$ 0.00;$ 0.00;$ 0.00;$ 0.00;$ 0.00;$ 0.00;$ 0.00
01 - ADMINISTRATIVA Y FINANCIERA;1.1.02.06.006.01.02.01;16.1;Plan Fomento a Bienestar (mejoramiento condiciones de bienestar);1407480044;$ 0.00;$ 0.00;$ 0.00;$ 0.00;$ 0.00;$ 0.00;$ 0.00;$ 0.00;$ 0.00;$ 0.00;$ 0.00;$ 0.00
01 - ADMINISTRATIVA Y FINANCIERA;1.1.02.06.006.01.04;17;Devolucion de descuento por votacion;5447536009;$ 376,234,900.00;$ 478,844,455.00;$ 478,844,455.00;$ 478,844,455.00;$ 478,844,455.00;$ 478,844,455.00;$ 478,844,455.00;$ 0.00;$ 0.00;$ 0.00;$ 0.00;$ 0.00
01 - ADMINISTRATIVA Y FINANCIERA;1.1.02.06.006.01.05;18;Articulo 87 CESU;427778274;$ 140,681,800.00;$ 179,049,568.00;$ 179,049,568.00;$ 179,049,568.00;$ 179,049,568.00;$ 179,049,568.00;$ 179,049,568.00;$ 0.00;$ 0.00;$ 0.00;$ 0.00;$ 0.00
01 - ADMINISTRATIVA Y FINANCIERA;1.1.02.02.015;20;Certificaciones y constancias;54390954;$ 5,746,650.00;$ 5,097,200.00;$ 4,590,800.00;$ 4,172,700.00;$ 5,982,050.00;$ 6,102,650.00;$ 301,650.00;$ 0.00;$ 0.00;$ 0.00;$ 0.00;$ 0.00
01 - ADMINISTRATIVA Y FINANCIERA;1.1.02.02.116.01.01.01;20;Pregrado - Inscripciones ;316506993;$ 0.00;$ 13,655,200.00;$ 0.00;$ 500.00;$ 1,579,100.00;$ 1,408,061,200.00;$ 18,119,400.00;$ 0.00;$ 0.00;$ 0.00;$ 0.00;$ 0.00
01 - ADMINISTRATIVA Y FINANCIERA;1.1.02.02.116.01.01.02;20;Pregrado - Derechos de grado;451761696;$ 2,100,800.00;$ 87,369,100.00;$ 34,802,200.00;$ 34,429,040.00;$ 162,637,100.00;$ 241,247,200.00;$ 22,234,300.00;$ 0.00;$ 0.00;$ 0.00;$ 0.00;$ 0.00
01 - ADMINISTRATIVA Y FINANCIERA;1.1.02.02.116.01.01.03;20;Pregrado - Matrículas;5525977978;$ 613,360,177.00;$ 713,114,694.00;$ 766,096,349.00;$ 714,302,694.00;$ 253,043,466.00;$ 45,547,742.00;$ 9,236,364.00;$ 0.00;$ 0.00;$ 0.00;$ 0.00;$ 0.00
01 - ADMINISTRATIVA Y FINANCIERA;1.1.02.02.116.01.01.04;20;Pregrado - Certificaciones, constancias académicas y derechos complementarios;4231617827;$ 1,001,702,719.00;$ 569,098,390.00;$ 71,579,050.00;$ 72,588,001.00;$ 148,934,951.00;$ 78,410,000.00;$ 19,480,900.00;$ 0.00;$ 0.00;$ 0.00;$ 0.00;$ 0.00
01 - ADMINISTRATIVA Y FINANCIERA;1.1.02.03.001.05;20;Sanciones administrativas;22586143;$ 2,338,600.00;$ 619,350.00;$ 1,540,400.00;$ 1,576,900.00;$ 2,228,700.00;$ 7,817,600.00;$ 371,000.00;$ 0.00;$ 0.00;$ 0.00;$ 0.00;$ 0.00
01 - ADMINISTRATIVA Y FINANCIERA;1.1.02.05.002.06;20;"Comercio y distribución; alojamiento; servicios de suministro de comidas y bebidas; servicios de transporte; y servicios de distribución de electricidad, gas y agua";4173694824;$ 23,250,800.00;$ 496,523,151.00;$ 533,946,782.00;$ 425,366,082.00;$ 475,572,314.00;$ 120,414,300.00;$ 513,850.00;$ 0.00;$ 0.00;$ 0.00;$ 0.00;$ 0.00
01 - ADMINISTRATIVA Y FINANCIERA;1.1.02.05.002.07;20;"Servicios financieros y servicios conexos; servicios inmobiliarios; y servicios de arrendamiento y leasing";235081376;$ 1,708,200.00;$ 8,819,950.00;$ 22,118,546.00;$ 30,747,901.67;$ 42,802,375.06;$ 12,334,635.67;$ 4,348,836.00;$ 0.00;$ 0.00;$ 0.00;$ 0.00;$ 0.00
01 - ADMINISTRATIVA Y FINANCIERA;1.1.02.05.002.01;20;"Minerales; electricidad, gas y agua";129404752;$ 0.00;$ 0.00;$ 5,184,001.00;$ 27,636,683.00;$ 19,598,969.34;$ 9,033,220.00;$ 11,035,584.00;$ 0.00;$ 0.00;$ 0.00;$ 0.00;$ 0.00
01 - ADMINISTRATIVA Y FINANCIERA;1.1.02.05.002.04;20;Productos metálicos, maquinaria y equipo;5025174;$ 0.00;$ 0.00;$ 170,000.00;$ 100,000.00;$ 70,000.00;$ 5,962,590.00;$ 0.00;$ 0.00;$ 0.00;$ 0.00;$ 0.00;$ 0.00
01 - ADMINISTRATIVA Y FINANCIERA;1.2.05.02.002;20;Rendimientos Financieros - Propios;1822006660;$ 164,066,082.26;$ 59,273,438.88;$ 178,228,500.27;$ 327,305,713.57;$ 364,491,091.27;$ 345,967,613.32;$ 328,843.78;$ 0.00;$ 0.00;$ 0.00;$ 0.00;$ 0.00
01 - ADMINISTRATIVA Y FINANCIERA;1.2.10.02.002;20;Recursos del balance - Propios;1579085708;$ 0.00;$ 0.00;$ 0.00;$ 0.00;$ 0.00;$ 0.00;$ 0.00;$ 0.00;$ 0.00;$ 0.00;$ 0.00;$ 0.00
01 - ADMINISTRATIVA Y FINANCIERA;1.2.13.01.001;20;Ingresos de Vigencias Anteriores - Licencias e Incapacidades;331465375;$ 14,003,067.00;$ 30,481,961.00;$ 29,210,257.00;$ 53,288,387.00;$ 935,481.00;$ 0.00;$ 0.00;$ 0.00;$ 0.00;$ 0.00;$ 0.00;$ 0.00
01 - ADMINISTRATIVA Y FINANCIERA;1.2.13.01.003;20;Ingresos de Vigencias Anteriores - Servicios Públicos;0;$ 0.00;$ 10,533,812.00;$ 25,000.00;$ 0.00;-$ 25,000.00;$ 0.00;$ 0.00;$ 0.00;$ 0.00;$ 0.00;$ 0.00;$ 0.00
01 - ADMINISTRATIVA Y FINANCIERA;1.2.13.01.007;20;Ingresos de Vigencias Anteriores - Propios;0;$ 3,436,150.00;$ 28,920,876.00;$ 940,000.00;$ 0.00;$ 0.00;$ 1,367,638.00;$ 0.00;$ 0.00;$ 0.00;$ 0.00;$ 0.00;$ 0.00
04 - CIENCIAS DE LA EDUCACION;1.1.02.02.116.01.01.01;20;Pregrado - Inscripciones ;0;$ 0.00;$ 0.00;$ 0.00;$ 0.00;$ 0.00;$ 11,554,400.00;$ 0.00;$ 0.00;$ 0.00;$ 0.00;$ 0.00;$ 0.00
04 - CIENCIAS DE LA EDUCACION;1.1.02.02.116.01.01.03;20;Pregrado - Matrículas;0;$ 398,400.00;$ 980,800.00;$ 0.00;$ 0.00;$ 429,100.00;$ 0.00;$ 0.00;$ 0.00;$ 0.00;$ 0.00;$ 0.00;$ 0.00
04 - CIENCIAS DE LA EDUCACION;1.1.02.02.116.01.01.04;20;Pregrado - Certificaciones, constancias académicas y derechos complementarios;0;$ 1,114,800.00;$ 231,100.00;$ 0.00;$ 0.00;$ 105,100.00;$ 0.00;$ 84,000.00;$ 0.00;$ 0.00;$ 0.00;$ 0.00;$ 0.00
05 - CIENCIAS BASICAS;1.1.02.02.116.01.01.03;20;Pregrado - Matrículas;25044900;$ 0.00;$ 0.00;$ 0.00;$ 0.00;$ 0.00;$ 25,044,900.00;$ 0.00;$ 0.00;$ 0.00;$ 0.00;$ 0.00;$ 0.00
06 - CIENCIAS ECONOMICAS, ADMINISTRATIVAS Y CONTABLES;1.1.02.02.116.01.01.03;20;Pregrado - Matrículas;11310600;$ 0.00;$ 0.00;$ 0.00;$ 0.00;$ 0.00;$ 17,773,800.00;$ 0.00;$ 0.00;$ 0.00;$ 0.00;$ 0.00;$ 0.00
08 - CIENCIAS AGROPECUARIAS;1.1.02.02.116.01.01.03;20;Pregrado - Matrículas;0;$ 0.00;$ 0.00;$ 0.00;$ 0.00;$ 0.00;$ 4,473,300.00;$ 0.00;$ 0.00;$ 0.00;$ 0.00;$ 0.00;$ 0.00
09 - INGENIERIA;1.1.02.02.116.01.01.03;20;Pregrado - Matrículas;94437340.8;$ 0.00;$ 0.00;$ 8,745,650.00;$ 28,570,214.40;$ 928,665.60;$ 113,824,000.00;$ 0.00;$ 0.00;$ 0.00;$ 0.00;$ 0.00;$ 0.00
10 - DERECHO Y CIENCIAS SOCIALES;1.1.02.02.116.01.01.03;20;Pregrado - Matrículas;43357500;$ 0.00;$ 0.00;$ 0.00;$ 0.00;$ 0.00;$ 43,895,900.00;$ 0.00;$ 0.00;$ 0.00;$ 0.00;$ 0.00;$ 0.00
12 - SECCIONAL DUITAMA;1.1.02.02.116.01.01.03;20;Pregrado - Matrículas;38874617;$ 0.00;$ 0.00;$ 0.00;$ 0.00;$ 0.00;$ 53,081,900.00;$ 0.00;$ 0.00;$ 0.00;$ 0.00;$ 0.00;$ 0.00
13 - SECCIONAL SOGAMOSO;1.1.02.02.116.01.01.03;20;Pregrado - Matrículas;39540000;$ 0.00;$ 0.00;$ 0.00;$ 0.00;$ 0.00;$ 43,043,000.00;$ 0.00;$ 0.00;$ 0.00;$ 0.00;$ 0.00;$ 0.00
11 - ESTUDIOS TECNOLOGICOS Y A DISTANCIA;1.1.02.02.116.01.01.01;20;Pregrado - Inscripciones ;0;$ 0.00;$ 0.00;$ 0.00;$ 0.00;$ 0.00;$ 7,615,400.00;$ 0.00;$ 0.00;$ 0.00;$ 0.00;$ 0.00;$ 0.00
11 - ESTUDIOS TECNOLOGICOS Y A DISTANCIA;1.1.02.02.116.01.01.04;20;Pregrado - Certificaciones, constancias académicas y derechos complementarios;0;$ 0.00;$ 225,000.00;$ 0.00;$ 0.00;$ 0.00;$ 135,000.00;$ 0.00;$ 0.00;$ 0.00;$ 0.00;$ 0.00;$ 0.00
15 - SEDE REGIONAL AGUAZUL;1.1.02.02.116.01.01.01;20;Pregrado - Inscripciones ;0;$ 0.00;$ 0.00;$ 0.00;$ 0.00;$ 0.00;$ 4,989,400.00;$ 0.00;$ 0.00;$ 0.00;$ 0.00;$ 0.00;$ 0.00
15 - SEDE REGIONAL AGUAZUL;1.1.02.02.116.01.01.03;20;Pregrado - Matrículas;0;$ 0.00;$ 0.00;$ 0.00;$ 0.00;$ 796,900.00;$ 796,900.00;$ 0.00;$ 0.00;$ 0.00;$ 0.00;$ 0.00;$ 0.00
15 - SEDE REGIONAL AGUAZUL;1.1.02.02.116.01.01.04;20;Pregrado - Certificaciones, constancias académicas y derechos complementarios;0;$ 2,576,000.00;$ 0.00;$ 0.00;$ 0.00;$ 0.00;$ 0.00;$ 0.00;$ 0.00;$ 0.00;$ 0.00;$ 0.00;$ 0.00
15 - SEDE REGIONAL AGUAZUL;1.1.02.03.001.05;20;Sanciones administrativas;0;$ 0.00;$ 39,200.00;$ 7,000.00;$ 73,500.00;$ 122,500.00;$ 315,000.00;$ 0.00;$ 0.00;$ 0.00;$ 0.00;$ 0.00;$ 0.00
01 - ADMINISTRATIVA Y FINANCIERA;1.1.02.06.006.02;21;Devolución IVA - Instituciones de Educación Superior;4587997825;$ 0.00;$ 868,975,011.00;$ 0.00;$ 1,113,860,579.00;$ 0.00;$ 1,259,061,873.00;$ 0.00;$ 0.00;$ 0.00;$ 0.00;$ 0.00;$ 0.00
01 - ADMINISTRATIVA Y FINANCIERA;1.2.10.02.015;21;Recursos del balance - Devolucion IVA;953393273;$ 0.00;$ 0.00;$ 0.00;$ 0.00;$ 0.00;$ 0.00;$ 0.00;$ 0.00;$ 0.00;$ 0.00;$ 0.00;$ 0.00
01 - ADMINISTRATIVA Y FINANCIERA;1.1.02.02.116.01.02.01;31;Posgrado - Inscripciones ;0;$ 1,907,600.00;$ 9,242,000.00;$ 0.00;$ 1,230,000.00;$ 0.00;$ 0.00;$ 0.00;$ 0.00;$ 0.00;$ 0.00;$ 0.00;$ 0.00
01 - ADMINISTRATIVA Y FINANCIERA;1.1.02.02.116.01.02.03;31;Posgrado - Matrículas;0;$ 0.00;$ 2,418,693.00;$ 1,464,500.00;$ 0.00;$ 0.00;$ 0.00;$ 0.00;$ 0.00;$ 0.00;$ 0.00;$ 0.00;$ 0.00
04 - CIENCIAS DE LA EDUCACION;1.1.02.02.116.01.02.01;31;Posgrado - Inscripciones ;212479362;$ 89,827,800.00;$ 7,687,500.00;$ 0.00;$ 14,760,000.00;$ 0.00;$ 9,225,000.00;$ 0.00;$ 0.00;$ 0.00;$ 0.00;$ 0.00;$ 0.00
04 - CIENCIAS DE LA EDUCACION;1.1.02.02.116.01.02.02;31;Posgrado - Derechos de grado;372975795;$ 0.00;$ 0.00;$ 19,260,700.00;$ 0.00;$ 262,600.00;$ 44,562,700.00;$ 12,256,900.00;$ 0.00;$ 0.00;$ 0.00;$ 0.00;$ 0.00
04 - CIENCIAS DE LA EDUCACION;1.1.02.02.116.01.02.03;31;Posgrado - Matrículas;10527470904;$ 262,479,878.00;$ 2,077,633,445.00;$ 1,062,567,171.00;$ 317,263,808.00;$ 522,572,629.00;$ 81,956,510.00;$ 0.00;$ 0.00;$ 0.00;$ 0.00;$ 0.00;$ 0.00
04 - CIENCIAS DE LA EDUCACION;1.1.02.02.116.01.02.04;31;Posgrado - Certificaciones, constancias académicas y derechos complementarios;14917592;$ 6,312,000.00;$ 8,417,000.00;$ 2,530,100.00;$ 1,576,000.00;$ 1,024,000.00;$ 12,188,500.00;$ 922,500.00;$ 0.00;$ 0.00;$ 0.00;$ 0.00;$ 0.00
04 - CIENCIAS DE LA EDUCACION;1.2.10.02.003;31;Recursos del balance - Posgrados;179478068;$ 0.00;$ 0.00;$ 0.00;$ 0.00;$ 0.00;$ 0.00;$ 0.00;$ 0.00;$ 0.00;$ 0.00;$ 0.00;$ 0.00
05 - CIENCIAS BASICAS;1.1.02.02.116.01.02.01;31;Posgrado - Inscripciones ;30612465;$ 23,600,100.00;$ 2,152,500.00;$ 0.00;$ 5,842,500.00;$ 0.00;$ 7,072,500.00;$ 0.00;$ 0.00;$ 0.00;$ 0.00;$ 0.00;$ 0.00
05 - CIENCIAS BASICAS;1.1.02.02.116.01.02.02;31;Posgrado - Derechos de grado;41215292;$ 0.00;$ 1,751,000.00;$ 2,626,500.00;$ 0.00;$ 875,500.00;$ 6,128,500.00;$ 875,500.00;$ 0.00;$ 0.00;$ 0.00;$ 0.00;$ 0.00
05 - CIENCIAS BASICAS;1.1.02.02.116.01.02.03;31;Posgrado - Matrículas;1408521574;$ 48,273,732.00;$ 323,567,265.00;$ 266,220,199.00;$ 39,356,928.00;$ 78,536,630.00;$ 5,357,342.00;$ 0.00;$ 0.00;$ 0.00;$ 0.00;$ 0.00;$ 0.00
05 - CIENCIAS BASICAS;1.1.02.02.116.01.02.04;31;Posgrado - Certificaciones, constancias académicas y derechos complementarios;1273178;$ 1,055,500.00;$ 1,025,500.00;$ 591,500.00;$ 0.00;$ 307,500.00;$ 307,500.00;$ 0.00;$ 0.00;$ 0.00;$ 0.00;$ 0.00;$ 0.00
06 - CIENCIAS ECONOMICAS, ADMINISTRATIVAS Y CONTABLES;1.1.02.02.116.01.02.01;31;Posgrado - Inscripciones ;111276000;$ 23,791,100.00;$ 615,000.00;$ 307,500.00;$ 12,300,000.00;$ 0.00;$ 7,687,500.00;$ 0.00;$ 0.00;$ 0.00;$ 0.00;$ 0.00;$ 0.00
06 - CIENCIAS ECONOMICAS, ADMINISTRATIVAS Y CONTABLES;1.1.02.02.116.01.02.02;31;Posgrado - Derechos de grado;218394000;$ 0.00;$ 0.00;$ 6,391,100.00;$ 0.00;$ 0.00;$ 14,883,500.00;$ 14,883,500.00;$ 0.00;$ 0.00;$ 0.00;$ 0.00;$ 0.00
06 - CIENCIAS ECONOMICAS, ADMINISTRATIVAS Y CONTABLES;1.1.02.02.116.01.02.03;31;Posgrado - Matrículas;5018300000;$ 168,112,503.00;$ 1,252,934,924.00;$ 598,279,229.00;$ 60,111,558.00;$ 311,930,132.00;$ 28,838,912.00;$ 0.00;$ 0.00;$ 0.00;$ 0.00;$ 0.00;$ 0.00
06 - CIENCIAS ECONOMICAS, ADMINISTRATIVAS Y CONTABLES;1.1.02.02.116.01.02.04;31;Posgrado - Certificaciones, constancias académicas y derechos complementarios;0;$ 1,566,000.00;$ 5,411,500.00;$ 1,882,500.00;$ 0.00;$ 989,000.00;$ 922,500.00;$ 0.00;$ 0.00;$ 0.00;$ 0.00;$ 0.00;$ 0.00
07 - CIENCIAS DE LA SALUD;1.1.02.02.116.01.02.01;31;Posgrado - Inscripciones ;21238620;$ 3,137,600.00;$ 0.00;$ 0.00;$ 0.00;$ 307,500.00;$ 3,382,500.00;$ 0.00;$ 0.00;$ 0.00;$ 0.00;$ 0.00;$ 0.00
07 - CIENCIAS DE LA SALUD;1.1.02.02.116.01.02.02;31;Posgrado - Derechos de grado;33309900;$ 0.00;$ 0.00;$ 875,500.00;$ 0.00;$ 0.00;$ 875,500.00;$ 0.00;$ 0.00;$ 0.00;$ 0.00;$ 0.00;$ 0.00
07 - CIENCIAS DE LA SALUD;1.1.02.02.116.01.02.03;31;Posgrado - Matrículas;2206189622;$ 392,241,682.00;$ 222,004,032.00;$ 67,525,163.00;$ 146,001,270.00;$ 120,838,140.00;$ 11,944,588.00;$ 0.00;$ 0.00;$ 0.00;$ 0.00;$ 0.00;$ 0.00
07 - CIENCIAS DE LA SALUD;1.1.02.02.116.01.02.04;31;Posgrado - Certificaciones, constancias académicas y derechos complementarios;0;$ 353,500.00;$ 532,000.00;$ 0.00;$ 0.00;$ 0.00;$ 0.00;$ 0.00;$ 0.00;$ 0.00;$ 0.00;$ 0.00;$ 0.00
08 - CIENCIAS AGROPECUARIAS;1.1.02.02.116.01.02.01;31;Posgrado - Inscripciones ;44900440;$ 22,432,900.00;$ 3,690,000.00;$ 307,500.00;$ 8,302,500.00;$ 0.00;$ 3,997,500.00;$ 0.00;$ 0.00;$ 0.00;$ 0.00;$ 0.00;$ 0.00
08 - CIENCIAS AGROPECUARIAS;1.1.02.02.116.01.02.02;31;Posgrado - Derechos de grado;129301900;$ 0.00;$ 875,500.00;$ 1,751,000.00;$ 0.00;$ 0.00;$ 45,526,000.00;$ 14,883,500.00;$ 0.00;$ 0.00;$ 0.00;$ 0.00;$ 0.00
08 - CIENCIAS AGROPECUARIAS;1.1.02.02.116.01.02.03;31;Posgrado - Matrículas;2008442150;$ 76,019,883.00;$ 531,455,147.00;$ 297,265,086.00;$ 67,875,327.00;$ 158,871,170.00;$ 40,963,561.00;$ 0.00;$ 0.00;$ 0.00;$ 0.00;$ 0.00;$ 0.00
08 - CIENCIAS AGROPECUARIAS;1.1.02.02.116.01.02.04;31;Posgrado - Certificaciones, constancias académicas y derechos complementarios;2342000;$ 1,468,700.00;$ 2,460,000.00;$ 1,071,000.00;$ 0.00;$ 307,500.00;$ 615,000.00;$ 0.00;$ 0.00;$ 0.00;$ 0.00;$ 0.00;$ 0.00
09 - INGENIERIA;1.1.02.02.116.01.02.01;31;Posgrado - Inscripciones ;0;$ 57,999,900.00;$ 8,279,700.00;$ 0.00;$ 2,152,500.00;$ 0.00;$ 16,297,500.00;$ 0.00;$ 0.00;$ 0.00;$ 0.00;$ 0.00;$ 0.00
09 - INGENIERIA;1.1.02.02.116.01.02.02;31;Posgrado - Derechos de grado;0;$ 0.00;$ 0.00;$ 875,500.00;$ 0.00;$ 0.00;$ 44,913,100.00;$ 24,514,000.00;$ 0.00;$ 0.00;$ 0.00;$ 0.00;$ 0.00
09 - INGENIERIA;1.1.02.02.116.01.02.03;31;Posgrado - Matrículas;8136426419;$ 170,361,649.00;$ 1,966,636,191.00;$ 1,084,839,289.00;$ 152,999,884.00;$ 451,917,568.00;$ 78,222,316.00;$ 4,127,438.00;$ 0.00;$ 0.00;$ 0.00;$ 0.00;$ 0.00
09 - INGENIERIA;1.1.02.02.116.01.02.04;31;Posgrado - Certificaciones, constancias académicas y derechos complementarios;0;$ 5,945,900.00;$ 6,215,000.00;$ 4,139,500.00;$ 1,576,000.00;$ 2,565,100.00;$ 4,920,000.00;$ 307,500.00;$ 0.00;$ 0.00;$ 0.00;$ 0.00;$ 0.00
10 - DERECHO Y CIENCIAS SOCIALES;1.1.02.02.116.01.02.01;31;Posgrado - Inscripciones ;4612000;$ 1,230,000.00;$ 307,500.00;$ 0.00;$ 0.00;$ 0.00;$ 615,000.00;$ 0.00;$ 0.00;$ 0.00;$ 0.00;$ 0.00;$ 0.00
10 - DERECHO Y CIENCIAS SOCIALES;1.1.02.02.116.01.02.02;31;Posgrado - Derechos de grado;7686900;$ 0.00;$ 0.00;$ 0.00;$ 0.00;$ 0.00;$ 0.00;$ 0.00;$ 0.00;$ 0.00;$ 0.00;$ 0.00;$ 0.00
10 - DERECHO Y CIENCIAS SOCIALES;1.1.02.02.116.01.02.03;31;Posgrado - Matrículas;364581200;$ 28,441,530.00;$ 39,231,908.00;$ 43,825,830.00;$ 0.00;$ 10,003,470.00;$ 0.00;$ 0.00;$ 0.00;$ 0.00;$ 0.00;$ 0.00;$ 0.00
10 - DERECHO Y CIENCIAS SOCIALES;1.1.02.02.116.01.02.04;31;Posgrado - Certificaciones, constancias académicas y derechos complementarios;1000000;$ 1,006,500.00;$ 709,500.00;$ 94,500.00;$ 307,500.00;$ 0.00;$ 307,500.00;$ 0.00;$ 0.00;$ 0.00;$ 0.00;$ 0.00;$ 0.00
12 - SECCIONAL DUITAMA;1.1.02.02.116.01.02.01;31;Posgrado - Inscripciones ;90602928;$ 28,990,100.00;$ 7,072,500.00;$ 0.00;$ 7,995,000.00;$ 0.00;$ 5,842,500.00;$ 0.00;$ 0.00;$ 0.00;$ 0.00;$ 0.00;$ 0.00
12 - SECCIONAL DUITAMA;1.1.02.02.116.01.02.02;31;Posgrado - Derechos de grado;205081160;$ 0.00;$ 0.00;$ 4,377,500.00;$ 875,500.00;$ 0.00;$ 8,054,400.00;$ 2,626,500.00;$ 0.00;$ 0.00;$ 0.00;$ 0.00;$ 0.00
12 - SECCIONAL DUITAMA;1.1.02.02.116.01.02.03;31;Posgrado - Matrículas;3406788528;$ 80,232,021.00;$ 805,927,615.00;$ 480,819,841.00;$ 66,848,232.00;$ 134,320,036.00;$ 35,396,038.00;$ 0.00;$ 0.00;$ 0.00;$ 0.00;$ 0.00;$ 0.00
12 - SECCIONAL DUITAMA;1.1.02.02.116.01.02.04;31;Posgrado - Certificaciones, constancias académicas y derechos complementarios;9540000;$ 909,000.00;$ 2,533,500.00;$ 948,500.00;$ 307,500.00;$ 412,600.00;$ 1,537,500.00;$ 307,500.00;$ 0.00;$ 0.00;$ 0.00;$ 0.00;$ 0.00
13 - SECCIONAL SOGAMOSO;1.1.02.02.116.01.02.01;31;Posgrado - Inscripciones ;105525765;$ 28,229,800.00;$ 5,535,000.00;$ 0.00;$ 0.00;$ 0.00;$ 7,380,000.00;$ 0.00;$ 0.00;$ 0.00;$ 0.00;$ 0.00;$ 0.00
13 - SECCIONAL SOGAMOSO;1.1.02.02.116.01.02.02;31;Posgrado - Derechos de grado;208353425;$ 0.00;$ 0.00;$ 1,751,000.00;$ 0.00;$ 4,377,500.00;$ 95,429,500.00;$ 875,500.00;$ 0.00;$ 0.00;$ 0.00;$ 0.00;$ 0.00
13 - SECCIONAL SOGAMOSO;1.1.02.02.116.01.02.03;31;Posgrado - Matrículas;4956301314;$ 92,723,232.00;$ 1,088,628,550.00;$ 591,871,989.00;$ 57,971,089.00;$ 291,764,736.00;$ 22,409,272.00;$ 0.00;$ 0.00;$ 0.00;$ 0.00;$ 0.00;$ 0.00
13 - SECCIONAL SOGAMOSO;1.1.02.02.116.01.02.04;31;Posgrado - Certificaciones, constancias académicas y derechos complementarios;0;$ 1,740,500.00;$ 3,296,000.00;$ 1,347,500.00;$ 0.00;$ 28,000.00;$ 3,075,000.00;$ 307,500.00;$ 0.00;$ 0.00;$ 0.00;$ 0.00;$ 0.00
14 - SECCIONAL CHIQUINQUIRA;1.1.02.02.116.01.02.01;31;Posgrado - Inscripciones ;4441320;$ 1,230,000.00;$ 307,500.00;$ 0.00;$ 0.00;$ 0.00;$ 0.00;$ 0.00;$ 0.00;$ 0.00;$ 0.00;$ 0.00;$ 0.00
14 - SECCIONAL CHIQUINQUIRA;1.1.02.02.116.01.02.02;31;Posgrado - Derechos de grado;11103300;$ 0.00;$ 0.00;$ 0.00;$ 0.00;$ 0.00;$ 0.00;$ 0.00;$ 0.00;$ 0.00;$ 0.00;$ 0.00;$ 0.00
14 - SECCIONAL CHIQUINQUIRA;1.1.02.02.116.01.02.03;31;Posgrado - Matrículas;194307750;$ 0.00;$ 0.00;$ 0.00;$ 0.00;$ 0.00;$ 0.00;$ 0.00;$ 0.00;$ 0.00;$ 0.00;$ 0.00;$ 0.00
11 - ESTUDIOS TECNOLOGICOS Y A DISTANCIA;1.1.02.02.116.01.02.01;31;Posgrado - Inscripciones ;138200000;$ 55,196,600.00;$ 8,302,500.00;$ 0.00;$ 1,230,000.00;$ 0.00;$ 9,840,000.00;$ 0.00;$ 0.00;$ 0.00;$ 0.00;$ 0.00;$ 0.00
11 - ESTUDIOS TECNOLOGICOS Y A DISTANCIA;1.1.02.02.116.01.02.02;31;Posgrado - Derechos de grado;238000000;$ 0.00;$ 0.00;$ 875,500.00;$ 262,600.00;$ 2,013,600.00;$ 87,637,200.00;$ 15,759,000.00;$ 0.00;$ 0.00;$ 0.00;$ 0.00;$ 0.00
11 - ESTUDIOS TECNOLOGICOS Y A DISTANCIA;1.1.02.02.116.01.02.03;31;Posgrado - Matrículas;5369355119;$ 161,865,834.00;$ 1,729,486,713.00;$ 897,699,644.00;$ 79,136,862.00;$ 325,872,559.00;$ 49,880,918.00;$ 0.00;$ 0.00;$ 0.00;$ 0.00;$ 0.00;$ 0.00
11 - ESTUDIOS TECNOLOGICOS Y A DISTANCIA;1.1.02.02.116.01.02.04;31;Posgrado - Certificaciones, constancias académicas y derechos complementarios;0;$ 3,198,000.00;$ 5,682,000.00;$ 1,655,500.00;$ 0.00;$ 307,500.00;$ 1,537,500.00;$ 0.00;$ 0.00;$ 0.00;$ 0.00;$ 0.00;$ 0.00
01 - ADMINISTRATIVA Y FINANCIERA;1.1.02.05.001.09.01.01;32;Extension;0;$ 5,235,704,327.85;$ 1,015,924,195.50;$ 3,013,170,652.56;$ 986,720,295.35;$ 406,553,134.00;$ 109,466,880.00;$ 84,352,065.00;$ 0.00;$ 0.00;$ 0.00;$ 0.00;$ 0.00
04 - CIENCIAS DE LA EDUCACION;1.1.02.05.001.09.01.01;32;Extension;0;$ 12,500,000.00;$ 13,000,000.00;$ 0.00;$ 62,250,000.00;$ 0.00;$ 0.00;$ 0.00;$ 0.00;$ 0.00;$ 0.00;$ 0.00;$ 0.00
05 - CIENCIAS BASICAS;1.1.02.05.001.09.01.01;32;Extension;46690000;$ 0.00;$ 0.00;$ 11,750,000.00;$ 18,000.00;$ 37,236,800.00;$ 74,160.00;$ 0.00;$ 0.00;$ 0.00;$ 0.00;$ 0.00;$ 0.00
06 - CIENCIAS ECONOMICAS, ADMINISTRATIVAS Y CONTABLES;1.1.02.05.001.09.01.01;32;Extension;0;$ 54,000,000.00;$ 118,400,000.00;$ 33,000,000.00;$ 1,600,000.00;$ 4,800,000.00;$ 30,400,000.00;$ 0.00;$ 0.00;$ 0.00;$ 0.00;$ 0.00;$ 0.00
07 - CIENCIAS DE LA SALUD;1.1.02.05.001.09.01.01;32;Extension;0;$ 0.00;$ 75,000.00;$ 75,000.00;$ 75,000.00;$ 225,000.00;$ 0.00;$ 0.00;$ 0.00;$ 0.00;$ 0.00;$ 0.00;$ 0.00
08 - CIENCIAS AGROPECUARIAS;1.1.02.05.001.09.01.01;32;Extension;810500000;2311700;21916600;7785350;3892000;12666800;4998000;190000;0;0;0;0;0
09 - INGENIERIA;1.1.02.05.001.09.01.01;32;Extension;1635316860;0;0;560000;14024480;13434500;6219850;0;0;0;0;0;0
12 - SECCIONAL DUITAMA;1.1.02.05.001.09.01.01;32;Extension;21050000;29650000;12000000;0;8586925;4157463;2250000;0;0;0;0;0;0
13 - SECCIONAL SOGAMOSO;1.1.02.05.001.09.01.01;32;Extension;480000000;53935354;55722052;27411855;39430698;15474799;29463283;0;0;0;0;0;0
02 - INVESTIGACION Y EXTENSION;1.1.02.05.001.00;32;Agricultura, silvicultura y productos de la pesca;650000000;0;0;0;0;0;0;0;0;0;0;0;0
02 - INVESTIGACION Y EXTENSION;1.1.02.05.001.09.01.01;32;Extension;15000000;16423717;5859000;0;837000;20280000;0;0;0;0;0;0;0
02 - INVESTIGACION Y EXTENSION;1.1.02.05.002.00;32;Agricultura, silvicultura y productos de la pesca;0;18678100;33726111.74;63407260.28;42784326.38;41681431.59;15513000;676000;0;0;0;0;0
15 - SEDE REGIONAL AGUAZUL;1.1.02.05.001.09.01.01;32;Extension;0;58820000;8618000;3614000;0;7784000;1112000;0;0;0;0;0;0
01 - ADMINISTRATIVA Y FINANCIERA;1.1.02.05.001.08.01;33;Convenios con derechos económicos;0;0;0;0;0;0;0;0;0;0;0;0;0
01 - ADMINISTRATIVA Y FINANCIERA;1.1.02.05.001.08.01;33;Convenios con derechos económicos;3041262435;0;162106505.1;0;150013034.5;5681130455;2172841519;323952117;0;0;0;0;0
01 - ADMINISTRATIVA Y FINANCIERA;1.2.05.02.008;33;Rendimientos Financieros - Convenios con derechos;0;5002398.53;3877803.61;16740492.51;8872909.34;9298144.04;5360342.69;4757454;0;0;0;0;0
01 - ADMINISTRATIVA Y FINANCIERA;1.2.10.02.005;33;Recursos del balance - Convenios con derechos;6000000;0;0;0;0;0;0;0;0;0;0;0;0
04 - CIENCIAS DE LA EDUCACION;1.1.02.05.001.08.01;33;Convenios con derechos económicos;0;0;0;0;0;0;0;0;0;0;0;0;0
04 - CIENCIAS DE LA EDUCACION;1.1.02.05.001.08.01;33;Convenios con derechos económicos;0;0;0;0;0;0;0;0;0;0;0;0;0
04 - CIENCIAS DE LA EDUCACION;1.1.02.05.001.08.01;33;Convenios con derechos económicos;0;0;0;0;0;0;0;0;0;0;0;0;0
04 - CIENCIAS DE LA EDUCACION;1.1.02.05.001.08.01;33;Convenios con derechos económicos;0;0;0;0;0;0;0;0;0;0;0;0;0
04 - CIENCIAS DE LA EDUCACION;1.1.02.05.001.08.01;33;Convenios con derechos económicos;0;0;0;0;0;0;0;0;0;0;0;0;0
04 - CIENCIAS DE LA EDUCACION;1.1.02.05.001.08.01;33;Convenios con derechos económicos;0;0;0;0;0;0;0;0;0;0;0;0;0
04 - CIENCIAS DE LA EDUCACION;1.1.02.05.001.08.01;33;Convenios con derechos económicos;0;0;0;0;0;0;0;0;0;0;0;0;0
04 - CIENCIAS DE LA EDUCACION;1.1.02.05.001.08.01;33;Convenios con derechos económicos;0;0;0;0;0;0;0;0;0;0;0;0;0
04 - CIENCIAS DE LA EDUCACION;1.1.02.05.001.08.01;33;Convenios con derechos económicos;7423479611;0;0;6500000;-6500000;7612500;0;0;0;0;0;0;0
04 - CIENCIAS DE LA EDUCACION;1.2.10.02.005;33;Recursos del balance - Convenios con derechos;49439100;0;0;0;0;0;0;0;0;0;0;0;0
06 - CIENCIAS ECONOMICAS, ADMINISTRATIVAS Y CONTABLES;1.1.02.05.001.08.01;33;Convenios con derechos económicos;220631149;0;8500000;0;0;40000000;0;0;0;0;0;0;0
06 - CIENCIAS ECONOMICAS, ADMINISTRATIVAS Y CONTABLES;1.1.02.05.001.08.01;33;Convenios con derechos económicos;0;0;0;0;0;0;0;0;0;0;0;0;0
06 - CIENCIAS ECONOMICAS, ADMINISTRATIVAS Y CONTABLES;1.1.02.05.001.08.01;33;Convenios con derechos económicos;0;0;0;0;0;0;0;0;0;0;0;0;0
06 - CIENCIAS ECONOMICAS, ADMINISTRATIVAS Y CONTABLES;1.1.02.05.001.08.01;33;Convenios con derechos económicos;0;0;0;0;0;0;0;0;0;0;0;0;0
06 - CIENCIAS ECONOMICAS, ADMINISTRATIVAS Y CONTABLES;1.1.02.05.001.08.01;33;Convenios con derechos económicos;0;0;0;0;0;0;0;0;0;0;0;0;0
06 - CIENCIAS ECONOMICAS, ADMINISTRATIVAS Y CONTABLES;1.1.02.05.001.08.01;33;Convenios con derechos económicos;0;0;0;0;0;0;0;0;0;0;0;0;0
06 - CIENCIAS ECONOMICAS, ADMINISTRATIVAS Y CONTABLES;1.1.02.05.001.08.01;33;Convenios con derechos económicos;0;0;0;0;0;0;0;0;0;0;0;0;0
06 - CIENCIAS ECONOMICAS, ADMINISTRATIVAS Y CONTABLES;1.1.02.05.001.08.01;33;Convenios con derechos económicos;0;0;0;0;0;0;0;0;0;0;0;0;0
06 - CIENCIAS ECONOMICAS, ADMINISTRATIVAS Y CONTABLES;1.2.10.02.005;33;Recursos del balance - Convenios con derechos;8419461.66;0;0;0;0;0;0;0;0;0;0;0;0
07 - CIENCIAS DE LA SALUD;1.1.02.05.001.08.01;33;Convenios con derechos económicos;118040000;0;0;0;0;0;0;0;0;0;0;0;0
08 - CIENCIAS AGROPECUARIAS;1.1.02.05.001.08.01;33;Convenios con derechos económicos;1518807975;0;0;0;0;0;0;0;0;0;0;0;0
08 - CIENCIAS AGROPECUARIAS;1.2.10.02.005;33;Recursos del balance - Convenios con derechos;7331637.85;0;0;0;0;0;0;0;0;0;0;0;0
09 - INGENIERIA;1.1.02.05.001.08.01;33;Convenios con derechos económicos;0;0;0;0;0;0;0;0;0;0;0;0;0
09 - INGENIERIA;1.1.02.05.001.08.01;33;Convenios con derechos económicos;0;0;0;0;0;0;0;0;0;0;0;0;0
09 - INGENIERIA;1.1.02.05.001.08.01;33;Convenios con derechos económicos;6995455503;0;0;0;0;0;0;0;0;0;0;0;0
09 - INGENIERIA;1.2.10.02.005;33;Recursos del balance - Convenios con derechos;0;0;0;0;0;0;0;0;0;0;0;0;0
10 - DERECHO Y CIENCIAS SOCIALES;1.1.02.05.001.08.01;33;Convenios con derechos económicos;250000000;0;0;0;0;0;0;0;0;0;0;0;0
10 - DERECHO Y CIENCIAS SOCIALES;1.2.10.02.005;33;Recursos del balance - Convenios con derechos;22537438.83;0;0;0;0;0;0;0;0;0;0;0;0
12 - SECCIONAL DUITAMA;1.1.02.05.001.08.01;33;Convenios con derechos económicos;0;0;0;0;0;0;0;0;0;0;0;0;0
12 - SECCIONAL DUITAMA;1.1.02.05.001.08.01;33;Convenios con derechos económicos;0;0;0;0;0;0;0;0;0;0;0;0;0
12 - SECCIONAL DUITAMA;1.1.02.05.001.08.01;33;Convenios con derechos económicos;0;0;0;0;0;0;0;0;0;0;0;0;0
12 - SECCIONAL DUITAMA;1.1.02.05.001.08.01;33;Convenios con derechos económicos;0;0;0;0;0;0;0;0;0;0;0;0;0
12 - SECCIONAL DUITAMA;1.1.02.05.001.08.01;33;Convenios con derechos económicos;825000000;0;1584000;18262827.08;0;51500000;0;0;0;0;0;0;0
12 - SECCIONAL DUITAMA;1.2.10.02.005;33;Recursos del balance - Convenios con derechos;13358706.47;0;0;0;0;0;0;0;0;0;0;0;0
13 - SECCIONAL SOGAMOSO;1.1.02.05.001.08.01;33;Convenios con derechos económicos;5432784275;0;0;0;0;0;0;150871644;0;0;0;0;0
13 - SECCIONAL SOGAMOSO;1.1.02.05.001.08.01;33;Convenios con derechos económicos;0;0;0;0;0;0;0;0;0;0;0;0;0
13 - SECCIONAL SOGAMOSO;1.1.02.05.001.08.01;33;Convenios con derechos económicos;0;0;0;0;0;0;0;0;0;0;0;0;0
13 - SECCIONAL SOGAMOSO;1.1.02.05.001.08.01;33;Convenios con derechos económicos;0;0;0;0;0;0;0;0;0;0;0;0;0
13 - SECCIONAL SOGAMOSO;1.1.02.05.001.08.01;33;Convenios con derechos económicos;0;0;0;0;0;0;0;0;0;0;0;0;0
13 - SECCIONAL SOGAMOSO;1.2.05.02.008;33;Rendimientos Financieros - Convenios con derechos;0;6843;78295;47324;29184;13596;5189;0;0;0;0;0;0
13 - SECCIONAL SOGAMOSO;1.2.10.02.005;33;Recursos del balance - Convenios con derechos;35745120.82;0;0;0;0;0;0;0;0;0;0;0;0
02 - INVESTIGACION Y EXTENSION;1.1.02.05.001.08.01;33;Convenios con derechos económicos;16000000000;0;150000000;3828209250;1257483525;64947666.04;12007833.6;6742032590;0;0;0;0;0
02 - INVESTIGACION Y EXTENSION;1.1.02.05.001.08.01;33;Convenios con derechos económicos;0;0;0;0;0;0;0;0;0;0;0;0;0
02 - INVESTIGACION Y EXTENSION;1.1.02.05.001.08.01;33;Convenios con derechos económicos;0;0;0;0;0;0;0;0;0;0;0;0;0
02 - INVESTIGACION Y EXTENSION;1.1.02.05.001.09.01.04;33;Investigacion;0;0;453288000;218240000;102862000;0;427200000;131067000;0;0;0;0;0
02 - INVESTIGACION Y EXTENSION;1.2.05.02.008;33;Rendimientos Financieros - Convenios con derechos;0;417711;616678;542445;540403;0;861973;0;0;0;0;0;0
02 - INVESTIGACION Y EXTENSION;1.2.10.02.005;33;Recursos del balance - Convenios con derechos;7450551.58;0;0;0;0;0;0;0;0;0;0;0;0
15 - SEDE REGIONAL AGUAZUL;1.1.02.05.001.08.01;33;Convenios con derechos económicos;0;0;0;0;0;0;0;0;0;0;0;0;0
15 - SEDE REGIONAL AGUAZUL;1.1.02.05.001.08.01;33;Convenios con derechos económicos;278555210;0;0;0;0;0;0;0;0;0;0;0;0
01 - ADMINISTRATIVA Y FINANCIERA;1.2.10.02.008;34;Recursos del balance - Convenios sin derechos;136861637;0;0;0;0;0;0;0;0;0;0;0;0
04 - CIENCIAS DE LA EDUCACION;1.1.02.05.001.08.02;34;Convenios sin derechos económicos;628135382;0;0;0;0;0;0;0;0;0;0;0;0
04 - CIENCIAS DE LA EDUCACION;1.2.10.02.008;34;Recursos del balance - Convenios sin derechos;491023700.2;0;0;0;0;0;0;0;0;0;0;0;0
12 - SECCIONAL DUITAMA;1.1.02.05.001.08.02;34;Convenios sin derechos económicos;39840000;0;0;0;0;0;0;0;0;0;0;0;0
02 - INVESTIGACION Y EXTENSION;1.1.02.05.001.08.02;34;Convenios sin derechos económicos;4984000000;0;0;0;0;0;0;0;0;0;0;0;0
02 - INVESTIGACION Y EXTENSION;1.1.02.05.001.08.02;34;Convenios sin derechos económicos;0;0;0;0;0;0;0;0;0;0;0;0;0
02 - INVESTIGACION Y EXTENSION;1.2.10.02.008;34;Recursos del balance - Convenios sin derechos;1288231239;0;0;0;0;0;0;0;0;0;0;0;0
04 - CIENCIAS DE LA EDUCACION;1.1.02.05.001.09.01.05;35;Educación continuada;150000000;0;0;0;18900000;25200000;0;0;0;0;0;0;0
05 - CIENCIAS BASICAS;1.1.02.05.001.09.01.05;35;Educación continuada;61000000;0;0;0;0;0;420240;0;0;0;0;0;0
06 - CIENCIAS ECONOMICAS, ADMINISTRATIVAS Y CONTABLES;1.1.02.05.001.09.01.05;35;Educación continuada;69000000;0;0;0;0;1600000;3200000;0;0;0;0;0;0
07 - CIENCIAS DE LA SALUD;1.1.02.05.001.09.01.05;35;Educación continuada;156769581;87142705;1000000;0;9000000;71000000;7900000;0;0;0;0;0;0
08 - CIENCIAS AGROPECUARIAS;1.1.02.05.001.09.01.05;35;Educación continuada;4000000;0;0;0;0;0;0;0;0;0;0;0;0
09 - INGENIERIA;1.1.02.05.001.09.01.05;35;Educación continuada;117000000;0;0;0;2500000;1875000;0;0;0;0;0;0;0
10 - DERECHO Y CIENCIAS SOCIALES;1.1.02.05.001.09.01.05;35;Educación continuada;58290500;0;0;0;3600000;23400000;44534000;0;0;0;0;0;0
12 - SECCIONAL DUITAMA;1.1.02.05.001.09.01.05;35;Educación continuada;255500000;0;0;17075000;17245000;16400000;19507000;278000;0;0;0;0;0
13 - SECCIONAL SOGAMOSO;1.1.02.05.001.09.01.05;35;Educación continuada;142000000;11250000;32749000;15439000;13190000;10146000;13996000;0;0;0;0;0;0
14 - SECCIONAL CHIQUINQUIRA;1.1.02.05.001.09.01.05;35;Educación continuada;43000000;0;3949000;2154000;0;0;0;0;0;0;0;0;0
11 - ESTUDIOS TECNOLOGICOS Y A DISTANCIA;1.1.02.05.001.09.01.05;35;Educación continuada;860000000;529546146;14389880;4796628;0;0;1598876;23984504;0;0;0;0;0
02 - INVESTIGACION Y EXTENSION;1.1.02.05.001.09.01.05;35;Educación continuada;535000000;22472000;81911399;38747000;31713000;38834236;50857000;6877334;0;0;0;0;0
15 - SEDE REGIONAL AGUAZUL;1.1.02.05.001.09.01.05;35;Educación continuada;30000000;0;6497000;3150000;0;718000;1077000;0;0;0;0;0;0
01 - ADMINISTRATIVA Y FINANCIERA;1.1.01.02.300.32;40;Estampilla pro Universidad Pedagógica y Tecnológica de Colombia;5737263195;175059703;400824260;475536053;553705834;495504142;517889991;12704622;0;0;0;0;0
01 - ADMINISTRATIVA Y FINANCIERA;1.2.10.02.006;40;Recursos del balance - Estampilla UPTC;1880006027;0;0;0;0;0;0;0;0;0;0;0;0
