Unidad;Codigo;Recurso;Concepto;Valor ene;Valor feb;Valor mar;Valor abr;Valor may;Valor jun;Valor jul;Valor ago;Valor sep;Valor oct;Valor nov;Valor dic
01 - ADMINISTRATIVA Y FINANCIERA;1.1.02.06.006.01.01;10;Aportes para Funcionamiento;$ 21,345,948,000.00;$ 27,167,570,238.00;$ 27,167,570,238.00;$ 27,167,570,238.00;$ 27,167,570,238.00;$ 27,167,570,238.00;$ 27,167,570,238.00;$ 27,195,326,579.86;$ 0.00;$ 0.00;$ 0.00;$ 0.00
01 - ADMINISTRATIVA Y FINANCIERA;1.2.10.02.001;10;Recursos del balance - Aportes funcionamiento;$ 0.00;$ 0.00;$ 0.00;$ 0.00;$ 0.00;$ 0.00;$ 0.00;$ 0.00;$ 0.00;$ 0.00;$ 0.00;$ 0.00
01 - ADMINISTRATIVA Y FINANCIERA;1.2.13.01.002;10;Ingresos de Vigencias Anteriores - Aportes;$ 11,038,169,644.00;$ 0.00;$ 0.00;$ 0.00;$ 0.00;$ 0.00;$ 0.00;$ 0.00;$ 0.00;$ 0.00;$ 0.00;$ 0.00
01 - ADMINISTRATIVA Y FINANCIERA;1.2.10.02.021;10.1;Recursos del balance - PIC Convencional;$ 0.00;$ 0.00;$ 0.00;$ 0.00;$ 0.00;$ 0.00;$ 0.00;$ 0.00;$ 0.00;$ 0.00;$ 0.00;$ 0.00
01 - ADMINISTRATIVA Y FINANCIERA;1.2.10.02.020;10.2;Recursos del balance - PIC Territorial;$ 0.00;$ 0.00;$ 0.00;$ 0.00;$ 0.00;$ 0.00;$ 0.00;$ 0.00;$ 0.00;$ 0.00;$ 0.00;$ 0.00
01 - ADMINISTRATIVA Y FINANCIERA;1.1.02.06.006.01.10;10.5;Matrículas Pregrado-Política de Gratuidad;$ 0.00;$ 0.00;$ 0.00;$ 1,395,938,900.00;$ 0.00;$ 0.00;$ 5,623,807,220.00;$ 4,188,570,834.14;$ 0.00;$ 0.00;$ 0.00;$ 0.00
01 - ADMINISTRATIVA Y FINANCIERA;1.1.02.06.006.07.01;12;Estampilla Pro- Universidad Nacional y Demás Entidades Estatales de Colombia;$ 0.00;$ 0.00;$ 0.00;$ 0.00;$ 0.00;$ 7,265,094,590.00;$ 0.00;$ 0.00;$ 0.00;$ 0.00;$ 0.00;$ 0.00
01 - ADMINISTRATIVA Y FINANCIERA;1.2.05.02.003;12;Rendimientos Financieros - Estampilla Pro UNAL y demas universidades;$ 254,794.58;$ 254,794.58;$ 1,771,232.79;$ 2,165,753.31;$ 2,486,301.30;$ 2,567,671.20;$ 2,465,753.40;$ 2,847,123.28;$ 0.00;$ 0.00;$ 0.00;$ 0.00
01 - ADMINISTRATIVA Y FINANCIERA;1.2.10.02.007;12;Recursos del balance - Estampilla Prounal;$ 0.00;$ 0.00;$ 0.00;$ 0.00;$ 0.00;$ 0.00;$ 0.00;$ 0.00;$ 0.00;$ 0.00;$ 0.00;$ 0.00
01 - ADMINISTRATIVA Y FINANCIERA;1.1.02.06.006.06.00;13;Excedentes Cooperativas Art.142, Ley 1819 del 2016;$ 0.00;$ 0.00;$ 0.00;$ 0.00;$ 0.00;$ 1,534,765,063.00;$ 0.00;$ 0.00;$ 0.00;$ 0.00;$ 0.00;$ 0.00
01 - ADMINISTRATIVA Y FINANCIERA;1.2.10.02.022;13;Recursos del Balance - Cooperativas;$ 0.00;$ 0.00;$ 0.00;$ 0.00;$ 0.00;$ 0.00;$ 0.00;$ 0.00;$ 0.00;$ 0.00;$ 0.00;$ 0.00
01 - ADMINISTRATIVA Y FINANCIERA;1.1.02.06.006.01.03;14;Matrículas Pregrado FSE;$ 0.00;$ 0.00;$ 0.00;$ 0.00;$ 0.00;$ 0.00;$ 0.00;$ 0.00;$ 0.00;$ 0.00;$ 0.00;$ 0.00
01 - ADMINISTRATIVA Y FINANCIERA;1.2.10.02.023;14;Recursos del balance - Matrículas FSE;$ 0.00;$ 0.00;$ 0.00;$ 0.00;$ 0.00;$ 0.00;$ 0.00;$ 0.00;$ 0.00;$ 0.00;$ 0.00;$ 0.00
01 - ADMINISTRATIVA Y FINANCIERA;1.1.02.06.002.01.03.00;15;Asignaciones del Sistema General de Regalías;$ 0.00;$ 0.00;$ 0.00;$ 0.00;$ 0.00;$ 0.00;$ 0.00;$ 0.00;$ 0.00;$ 0.00;$ 0.00;$ 0.00
01 - ADMINISTRATIVA Y FINANCIERA;1.1.02.06.006.01.02;16;Aportes para Inversion;$ 0.00;$ 0.00;$ 7,740,281,271.00;$ 0.00;$ 0.00;$ 0.00;$ 0.00;$ 0.00;$ 0.00;$ 0.00;$ 0.00;$ 0.00
01 - ADMINISTRATIVA Y FINANCIERA;1.2.05.02.004;16;Rendimientos Financieros - CREE;$ 85,937.43;$ 0.00;$ 77,759.45;$ 85,947.92;$ 83,905.06;$ 85,955.05;$ 83,912.03;$ 85,962.19;$ 0.00;$ 0.00;$ 0.00;$ 0.00
01 - ADMINISTRATIVA Y FINANCIERA;1.2.05.02.012;16;Rendimientos Financieros - Aportes Inversion;$ 0.00;$ 0.00;$ 0.00;$ 0.00;$ 0.00;$ 0.00;$ 0.00;$ 0.00;$ 0.00;$ 0.00;$ 0.00;$ 0.00
01 - ADMINISTRATIVA Y FINANCIERA;1.2.10.02.014;16;Recursos del balance - Aportes inversion;$ 0.00;$ 0.00;$ 0.00;$ 0.00;$ 0.00;$ 0.00;$ 0.00;$ 0.00;$ 0.00;$ 0.00;$ 0.00;$ 0.00
01 - ADMINISTRATIVA Y FINANCIERA;1.1.02.06.006.01.11;16.1;Inversion PFB Plan de Fomento al Bienestar;$ 0.00;$ 0.00;$ 0.00;$ 0.00;$ 0.00;$ 0.00;$ 0.00;$ 1,407,480,044.00;$ 0.00;$ 0.00;$ 0.00;$ 0.00
01 - ADMINISTRATIVA Y FINANCIERA;1.2.05.02.013;16.1;Rendimientos Financieros - Inversion PFB;$ 0.00;$ 0.00;$ 0.00;$ 0.00;$ 0.00;$ 0.00;$ 0.00;$ 791,378.00;$ 0.00;$ 0.00;$ 0.00;$ 0.00
01 - ADMINISTRATIVA Y FINANCIERA;1.1.02.06.006.01.12;16.2;Inversion PFC Plan de Fomento a la Calidad;$ 0.00;$ 0.00;$ 0.00;$ 0.00;$ 0.00;$ 0.00;$ 0.00;$ 0.00;$ 0.00;$ 0.00;$ 0.00;$ 0.00
01 - ADMINISTRATIVA Y FINANCIERA;1.2.05.02.014;16.2;Rendimientos Financieros - Inversion PFC;$ 0.00;$ 0.00;$ 0.00;$ 0.00;$ 0.00;$ 0.00;$ 0.00;$ 6,651,026.09;$ 0.00;$ 0.00;$ 0.00;$ 0.00
01 - ADMINISTRATIVA Y FINANCIERA;1.1.02.06.006.01.04;17;Devolucion de descuento por votacion;$ 376,234,900.00;$ 478,844,455.00;$ 478,844,455.00;$ 478,844,455.00;$ 478,844,455.00;$ 478,844,455.00;$ 478,844,455.00;$ 478,844,455.00;$ 0.00;$ 0.00;$ 0.00;$ 0.00
01 - ADMINISTRATIVA Y FINANCIERA;1.1.02.06.006.01.05;18;Articulo 87 CESU;$ 140,681,800.00;$ 179,049,568.00;$ 179,049,568.00;$ 179,049,568.00;$ 179,049,568.00;$ 179,049,568.00;$ 179,049,568.00;$ 179,049,568.00;$ 0.00;$ 0.00;$ 0.00;$ 0.00
01 - ADMINISTRATIVA Y FINANCIERA;1.1.02.02.015;20;Certificaciones y constancias;$ 5,746,650.00;$ 5,097,200.00;$ 4,590,800.00;$ 4,172,700.00;$ 5,982,050.00;$ 6,102,650.00;$ 7,124,500.00;$ 5,401,350.00;$ 0.00;$ 0.00;$ 0.00;$ 0.00
01 - ADMINISTRATIVA Y FINANCIERA;1.1.02.02.116.01.01.01;20;Pregrado - Inscripciones ;$ 0.00;$ 13,655,200.00;$ 0.00;$ 500.00;$ 1,579,100.00;$ 1,408,061,200.00;$ 108,191,200.00;$ 67,795,700.00;$ 0.00;$ 0.00;$ 0.00;$ 0.00
01 - ADMINISTRATIVA Y FINANCIERA;1.1.02.02.116.01.01.02;20;Pregrado - Derechos de grado;$ 2,100,800.00;$ 87,369,100.00;$ 34,802,200.00;$ 34,429,040.00;$ 162,637,100.00;$ 241,247,200.00;$ 90,866,100.00;$ 82,106,600.00;$ 0.00;$ 0.00;$ 0.00;$ 0.00
01 - ADMINISTRATIVA Y FINANCIERA;1.1.02.02.116.01.01.03;20;Pregrado - Matrículas;$ 613,360,177.00;$ 713,114,694.00;$ 766,096,349.00;$ 714,302,694.00;$ 253,043,466.00;$ 45,547,742.00;$ 155,104,811.00;$ 156,255,983.00;$ 0.00;$ 0.00;$ 0.00;$ 0.00
01 - ADMINISTRATIVA Y FINANCIERA;1.1.02.02.116.01.01.04;20;Pregrado - Certificaciones, constancias académicas y derechos complementarios;$ 1,001,702,719.00;$ 569,098,390.00;$ 71,579,050.00;$ 72,588,001.00;$ 148,934,951.00;$ 78,410,000.00;$ 808,337,375.00;$ 1,010,375,490.00;$ 0.00;$ 0.00;$ 0.00;$ 0.00
01 - ADMINISTRATIVA Y FINANCIERA;1.1.02.03.001.05;20;Sanciones administrativas;$ 2,338,600.00;$ 619,350.00;$ 1,540,400.00;$ 1,576,900.00;$ 2,228,700.00;$ 7,817,600.00;$ 5,033,300.00;$ 1,365,300.00;$ 0.00;$ 0.00;$ 0.00;$ 0.00
01 - ADMINISTRATIVA Y FINANCIERA;1.1.02.05.002.06;20;"Comercio y distribución; alojamiento; servicios de suministro de comidas y bebidas; servicios de transporte; y servicios de distribución de electricidad, gas y agua";$ 23,250,800.00;$ 496,523,151.00;$ 533,946,782.00;$ 425,366,082.00;$ 475,572,314.00;$ 120,414,300.00;$ 15,956,900.00;$ 459,397,000.00;$ 0.00;$ 0.00;$ 0.00;$ 0.00
01 - ADMINISTRATIVA Y FINANCIERA;1.1.02.05.002.07;20;"Servicios financieros y servicios conexos; servicios inmobiliarios; y servicios de arrendamiento y leasing";$ 1,708,200.00;$ 8,819,950.00;$ 22,118,546.00;$ 30,747,901.67;$ 42,802,375.06;$ 12,334,635.67;$ 19,421,436.54;$ 17,733,104.00;$ 0.00;$ 0.00;$ 0.00;$ 0.00
01 - ADMINISTRATIVA Y FINANCIERA;1.1.02.05.002.01;20;"Minerales; electricidad, gas y agua";$ 0.00;$ 0.00;$ 5,184,001.00;$ 27,636,683.00;$ 19,598,969.34;$ 9,033,220.00;$ 14,145,906.00;$ 7,658,649.00;$ 0.00;$ 0.00;$ 0.00;$ 0.00
01 - ADMINISTRATIVA Y FINANCIERA;1.1.02.05.002.04;20;Productos metálicos, maquinaria y equipo;$ 0.00;$ 0.00;$ 170,000.00;$ 100,000.00;$ 70,000.00;$ 5,962,590.00;$ 585,000.00;$ 2,280,000.00;$ 0.00;$ 0.00;$ 0.00;$ 0.00
01 - ADMINISTRATIVA Y FINANCIERA;1.2.05.02.002;20;Rendimientos Financieros - Propios;$ 164,066,082.26;$ 59,273,438.88;$ 178,228,500.27;$ 327,305,713.57;$ 364,491,091.27;$ 345,967,613.32;$ 285,868,560.26;$ 280,560,226.11;$ 0.00;$ 0.00;$ 0.00;$ 0.00
01 - ADMINISTRATIVA Y FINANCIERA;1.2.10.02.002;20;Recursos del balance - Propios;$ 0.00;$ 0.00;$ 0.00;$ 0.00;$ 0.00;$ 0.00;$ 0.00;$ 0.00;$ 0.00;$ 0.00;$ 0.00;$ 0.00
01 - ADMINISTRATIVA Y FINANCIERA;1.2.13.01.001;20;Ingresos de Vigencias Anteriores - Licencias e Incapacidades;$ 14,003,067.00;$ 30,481,961.00;$ 29,210,257.00;$ 53,288,387.00;$ 935,481.00;$ 0.00;-$ 1,983,032.00;$ 0.00;$ 0.00;$ 0.00;$ 0.00;$ 0.00
01 - ADMINISTRATIVA Y FINANCIERA;1.2.13.01.003;20;Ingresos de Vigencias Anteriores - Servicios Públicos;$ 0.00;$ 10,533,812.00;$ 25,000.00;$ 0.00;-$ 25,000.00;$ 0.00;$ 0.00;$ 0.00;$ 0.00;$ 0.00;$ 0.00;$ 0.00
01 - ADMINISTRATIVA Y FINANCIERA;1.2.13.01.007;20;Ingresos de Vigencias Anteriores - Propios;$ 3,436,150.00;$ 28,920,876.00;$ 940,000.00;$ 0.00;$ 0.00;$ 1,367,638.00;$ 0.00;$ 106,497,503.34;$ 0.00;$ 0.00;$ 0.00;$ 0.00
04 - CIENCIAS DE LA EDUCACION;1.1.02.02.116.01.01.01;20;Pregrado - Inscripciones ;$ 0.00;$ 0.00;$ 0.00;$ 0.00;$ 0.00;$ 11,554,400.00;$ 787,800.00;$ 1,313,000.00;$ 0.00;$ 0.00;$ 0.00;$ 0.00
04 - CIENCIAS DE LA EDUCACION;1.1.02.02.116.01.01.03;20;Pregrado - Matrículas;$ 398,400.00;$ 980,800.00;$ 0.00;$ 0.00;$ 429,100.00;$ 0.00;$ 717,210.00;$ 0.00;$ 0.00;$ 0.00;$ 0.00;$ 0.00
04 - CIENCIAS DE LA EDUCACION;1.1.02.02.116.01.01.04;20;Pregrado - Certificaciones, constancias académicas y derechos complementarios;$ 1,114,800.00;$ 231,100.00;$ 0.00;$ 0.00;$ 105,100.00;$ 0.00;$ 1,697,500.00;$ 476,000.00;$ 0.00;$ 0.00;$ 0.00;$ 0.00
05 - CIENCIAS BASICAS;1.1.02.02.116.01.01.03;20;Pregrado - Matrículas;$ 0.00;$ 0.00;$ 0.00;$ 0.00;$ 0.00;$ 25,044,900.00;$ 0.00;$ 0.00;$ 0.00;$ 0.00;$ 0.00;$ 0.00
06 - CIENCIAS ECONOMICAS, ADMINISTRATIVAS Y CONTABLES;1.1.02.02.116.01.01.03;20;Pregrado - Matrículas;$ 0.00;$ 0.00;$ 0.00;$ 0.00;$ 0.00;$ 17,773,800.00;$ 0.00;$ 0.00;$ 0.00;$ 0.00;$ 0.00;$ 0.00
08 - CIENCIAS AGROPECUARIAS;1.1.02.02.116.01.01.03;20;Pregrado - Matrículas;$ 0.00;$ 0.00;$ 0.00;$ 0.00;$ 0.00;$ 4,473,300.00;$ 0.00;$ 0.00;$ 0.00;$ 0.00;$ 0.00;$ 0.00
09 - INGENIERIA;1.1.02.02.116.01.01.03;20;Pregrado - Matrículas;$ 0.00;$ 0.00;$ 8,745,650.00;$ 28,570,214.40;$ 928,665.60;$ 113,824,000.00;$ 0.00;$ 0.00;$ 0.00;$ 0.00;$ 0.00;$ 0.00
10 - DERECHO Y CIENCIAS SOCIALES;1.1.02.02.116.01.01.03;20;Pregrado - Matrículas;$ 0.00;$ 0.00;$ 0.00;$ 0.00;$ 0.00;$ 43,895,900.00;$ 0.00;$ 0.00;$ 0.00;$ 0.00;$ 0.00;$ 0.00
12 - SECCIONAL DUITAMA;1.1.02.02.116.01.01.03;20;Pregrado - Matrículas;$ 0.00;$ 0.00;$ 0.00;$ 0.00;$ 0.00;$ 53,081,900.00;$ 0.00;$ 0.00;$ 0.00;$ 0.00;$ 0.00;$ 0.00
13 - SECCIONAL SOGAMOSO;1.1.02.02.116.01.01.03;20;Pregrado - Matrículas;$ 0.00;$ 0.00;$ 0.00;$ 0.00;$ 0.00;$ 43,043,000.00;$ 0.00;$ 0.00;$ 0.00;$ 0.00;$ 0.00;$ 0.00
14 - SECCIONAL CHIQUINQUIRA;1.1.02.02.116.01.01.03;20;Pregrado - Matrículas;$ 0.00;$ 0.00;$ 0.00;$ 0.00;$ 0.00;$ 0.00;$ 0.00;$ 390,000.00;$ 0.00;$ 0.00;$ 0.00;$ 0.00
11 - ESTUDIOS TECNOLOGICOS Y A DISTANCIA;1.1.02.02.116.01.01.01;20;Pregrado - Inscripciones ;$ 0.00;$ 0.00;$ 0.00;$ 0.00;$ 0.00;$ 7,615,400.00;$ 0.00;$ 787,800.00;$ 0.00;$ 0.00;$ 0.00;$ 0.00
11 - ESTUDIOS TECNOLOGICOS Y A DISTANCIA;1.1.02.02.116.01.01.04;20;Pregrado - Certificaciones, constancias académicas y derechos complementarios;$ 0.00;$ 225,000.00;$ 0.00;$ 0.00;$ 0.00;$ 135,000.00;$ 476,000.00;$ 213,000.00;$ 0.00;$ 0.00;$ 0.00;$ 0.00
15 - SEDE REGIONAL AGUAZUL;1.1.02.02.116.01.01.01;20;Pregrado - Inscripciones ;$ 0.00;$ 0.00;$ 0.00;$ 0.00;$ 0.00;$ 4,989,400.00;$ 0.00;$ 0.00;$ 0.00;$ 0.00;$ 0.00;$ 0.00
15 - SEDE REGIONAL AGUAZUL;1.1.02.02.116.01.01.03;20;Pregrado - Matrículas;$ 0.00;$ 0.00;$ 0.00;$ 0.00;$ 2,524,130.00;$ 796,900.00;$ 0.00;$ 0.00;$ 0.00;$ 0.00;$ 0.00;$ 0.00
15 - SEDE REGIONAL AGUAZUL;1.1.02.02.116.01.01.04;20;Pregrado - Certificaciones, constancias académicas y derechos complementarios;$ 2,576,000.00;$ 0.00;$ 0.00;$ 0.00;$ 0.00;$ 0.00;$ 3,010,000.00;$ 1,134,000.00;$ 0.00;$ 0.00;$ 0.00;$ 0.00
15 - SEDE REGIONAL AGUAZUL;1.1.02.03.001.05;20;Sanciones administrativas;$ 0.00;$ 39,200.00;$ 7,000.00;$ 73,500.00;$ 122,500.00;$ 315,000.00;$ 220,500.00;$ 0.00;$ 0.00;$ 0.00;$ 0.00;$ 0.00
01 - ADMINISTRATIVA Y FINANCIERA;1.1.02.06.006.02;21;Devolución IVA - Instituciones de Educación Superior;$ 0.00;$ 868,975,011.00;$ 0.00;$ 1,113,860,579.00;$ 0.00;$ 1,259,061,873.00;$ 1,430,305,394.00;$ 0.00;$ 0.00;$ 0.00;$ 0.00;$ 0.00
01 - ADMINISTRATIVA Y FINANCIERA;1.2.10.02.015;21;Recursos del balance - Devolucion IVA;$ 0.00;$ 0.00;$ 0.00;$ 0.00;$ 0.00;$ 0.00;$ 0.00;$ 0.00;$ 0.00;$ 0.00;$ 0.00;$ 0.00
01 - ADMINISTRATIVA Y FINANCIERA;1.1.02.02.116.01.02.01;31;Posgrado - Inscripciones ;$ 1,907,600.00;$ 9,242,000.00;$ 0.00;$ 1,230,000.00;$ 0.00;$ 0.00;$ 8,610,000.00;$ 3,690,000.00;$ 0.00;$ 0.00;$ 0.00;$ 0.00
01 - ADMINISTRATIVA Y FINANCIERA;1.1.02.02.116.01.02.03;31;Posgrado - Matrículas;$ 0.00;$ 2,418,693.00;$ 1,464,500.00;$ 0.00;$ 0.00;$ 0.00;$ 2,418,693.00;$ 0.00;$ 0.00;$ 0.00;$ 0.00;$ 0.00
04 - CIENCIAS DE LA EDUCACION;1.1.02.02.116.01.02.01;31;Posgrado - Inscripciones ;$ 89,827,800.00;$ 7,687,500.00;$ 0.00;$ 14,760,000.00;$ 0.00;$ 9,225,000.00;$ 307,500.00;$ 56,887,500.00;$ 0.00;$ 0.00;$ 0.00;$ 0.00
04 - CIENCIAS DE LA EDUCACION;1.1.02.02.116.01.02.02;31;Posgrado - Derechos de grado;$ 0.00;$ 0.00;$ 19,260,700.00;$ 0.00;$ 262,600.00;$ 44,562,700.00;$ 98,055,900.00;$ 875,500.00;$ 0.00;$ 0.00;$ 0.00;$ 0.00
04 - CIENCIAS DE LA EDUCACION;1.1.02.02.116.01.02.03;31;Posgrado - Matrículas;$ 262,479,878.00;$ 2,077,633,445.00;$ 1,062,567,171.00;$ 317,263,808.00;$ 522,572,629.00;$ 81,956,510.00;$ 1,895,086,147.00;$ 1,582,352,998.00;$ 0.00;$ 0.00;$ 0.00;$ 0.00
04 - CIENCIAS DE LA EDUCACION;1.1.02.02.116.01.02.04;31;Posgrado - Certificaciones, constancias académicas y derechos complementarios;$ 6,312,000.00;$ 8,417,000.00;$ 2,530,100.00;$ 1,576,000.00;$ 1,024,000.00;$ 12,188,500.00;$ 12,555,000.00;$ 3,758,000.00;$ 0.00;$ 0.00;$ 0.00;$ 0.00
04 - CIENCIAS DE LA EDUCACION;1.2.10.02.003;31;Recursos del balance - Posgrados;$ 0.00;$ 0.00;$ 0.00;$ 0.00;$ 0.00;$ 0.00;$ 0.00;$ 0.00;$ 0.00;$ 0.00;$ 0.00;$ 0.00
05 - CIENCIAS BASICAS;1.1.02.02.116.01.02.01;31;Posgrado - Inscripciones ;$ 23,600,100.00;$ 2,152,500.00;$ 0.00;$ 5,842,500.00;$ 0.00;$ 7,072,500.00;$ 0.00;$ 20,602,500.00;$ 0.00;$ 0.00;$ 0.00;$ 0.00
05 - CIENCIAS BASICAS;1.1.02.02.116.01.02.02;31;Posgrado - Derechos de grado;$ 0.00;$ 1,751,000.00;$ 2,626,500.00;$ 0.00;$ 875,500.00;$ 6,128,500.00;$ 12,257,000.00;$ 0.00;$ 0.00;$ 0.00;$ 0.00;$ 0.00
05 - CIENCIAS BASICAS;1.1.02.02.116.01.02.03;31;Posgrado - Matrículas;$ 48,273,732.00;$ 323,567,265.00;$ 266,220,199.00;$ 39,356,928.00;$ 78,536,630.00;$ 5,357,342.00;$ 407,944,076.00;$ 532,906,507.00;$ 0.00;$ 0.00;$ 0.00;$ 0.00
05 - CIENCIAS BASICAS;1.1.02.02.116.01.02.04;31;Posgrado - Certificaciones, constancias académicas y derechos complementarios;$ 1,055,500.00;$ 1,025,500.00;$ 591,500.00;$ 0.00;$ 307,500.00;$ 307,500.00;$ 2,971,500.00;$ 1,445,500.00;$ 0.00;$ 0.00;$ 0.00;$ 0.00
06 - CIENCIAS ECONOMICAS, ADMINISTRATIVAS Y CONTABLES;1.1.02.02.116.01.02.01;31;Posgrado - Inscripciones ;$ 23,791,100.00;$ 615,000.00;$ 307,500.00;$ 12,300,000.00;$ 0.00;$ 7,687,500.00;$ 307,500.00;$ 35,055,000.00;$ 0.00;$ 0.00;$ 0.00;$ 0.00
06 - CIENCIAS ECONOMICAS, ADMINISTRATIVAS Y CONTABLES;1.1.02.02.116.01.02.02;31;Posgrado - Derechos de grado;$ 0.00;$ 0.00;$ 6,391,100.00;$ 0.00;$ 0.00;$ 14,883,500.00;$ 134,214,100.00;$ 875,500.00;$ 0.00;$ 0.00;$ 0.00;$ 0.00
06 - CIENCIAS ECONOMICAS, ADMINISTRATIVAS Y CONTABLES;1.1.02.02.116.01.02.03;31;Posgrado - Matrículas;$ 168,112,503.00;$ 1,252,934,924.00;$ 598,279,229.00;$ 60,111,558.00;$ 311,930,132.00;$ 28,838,912.00;$ 711,963,014.00;$ 882,852,026.00;$ 0.00;$ 0.00;$ 0.00;$ 0.00
06 - CIENCIAS ECONOMICAS, ADMINISTRATIVAS Y CONTABLES;1.1.02.02.116.01.02.04;31;Posgrado - Certificaciones, constancias académicas y derechos complementarios;$ 1,566,000.00;$ 5,411,500.00;$ 1,882,500.00;$ 0.00;$ 989,000.00;$ 922,500.00;$ 4,457,000.00;$ 1,827,000.00;$ 0.00;$ 0.00;$ 0.00;$ 0.00
07 - CIENCIAS DE LA SALUD;1.1.02.02.116.01.02.01;31;Posgrado - Inscripciones ;$ 3,137,600.00;$ 0.00;$ 0.00;$ 0.00;$ 307,500.00;$ 3,382,500.00;$ 0.00;$ 10,147,500.00;$ 0.00;$ 0.00;$ 0.00;$ 0.00
07 - CIENCIAS DE LA SALUD;1.1.02.02.116.01.02.02;31;Posgrado - Derechos de grado;$ 0.00;$ 0.00;$ 875,500.00;$ 0.00;$ 0.00;$ 875,500.00;$ 11,381,500.00;$ 0.00;$ 0.00;$ 0.00;$ 0.00;$ 0.00
07 - CIENCIAS DE LA SALUD;1.1.02.02.116.01.02.03;31;Posgrado - Matrículas;$ 392,241,682.00;$ 222,004,032.00;$ 67,525,163.00;$ 146,001,270.00;$ 120,838,140.00;$ 11,944,588.00;$ 640,828,983.00;$ 188,213,746.00;$ 0.00;$ 0.00;$ 0.00;$ 0.00
07 - CIENCIAS DE LA SALUD;1.1.02.02.116.01.02.04;31;Posgrado - Certificaciones, constancias académicas y derechos complementarios;$ 353,500.00;$ 532,000.00;$ 0.00;$ 0.00;$ 0.00;$ 0.00;$ 994,000.00;$ 479,000.00;$ 0.00;$ 0.00;$ 0.00;$ 0.00
07 - CIENCIAS DE LA SALUD;1.2.13.01.004;31;Ingresos de Vigencias Anteriores - Extension;$ 0.00;$ 0.00;$ 0.00;$ 0.00;$ 25,000.00;$ 0.00;$ 0.00;$ 0.00;$ 0.00;$ 0.00;$ 0.00;$ 0.00
08 - CIENCIAS AGROPECUARIAS;1.1.02.02.116.01.02.01;31;Posgrado - Inscripciones ;$ 22,432,900.00;$ 3,690,000.00;$ 307,500.00;$ 8,302,500.00;$ 0.00;$ 3,997,500.00;$ 0.00;$ 23,677,500.00;$ 0.00;$ 0.00;$ 0.00;$ 0.00
08 - CIENCIAS AGROPECUARIAS;1.1.02.02.116.01.02.02;31;Posgrado - Derechos de grado;$ 0.00;$ 875,500.00;$ 1,751,000.00;$ 0.00;$ 0.00;$ 45,526,000.00;$ 28,891,500.00;$ 0.00;$ 0.00;$ 0.00;$ 0.00;$ 0.00
08 - CIENCIAS AGROPECUARIAS;1.1.02.02.116.01.02.03;31;Posgrado - Matrículas;$ 76,019,883.00;$ 531,455,147.00;$ 297,265,086.00;$ 67,875,327.00;$ 158,871,170.00;$ 40,963,561.00;$ 401,271,111.00;$ 465,740,973.00;$ 0.00;$ 0.00;$ 0.00;$ 0.00
08 - CIENCIAS AGROPECUARIAS;1.1.02.02.116.01.02.04;31;Posgrado - Certificaciones, constancias académicas y derechos complementarios;$ 1,468,700.00;$ 2,460,000.00;$ 1,071,000.00;$ 0.00;$ 307,500.00;$ 615,000.00;$ 1,497,500.00;$ 1,298,000.00;$ 0.00;$ 0.00;$ 0.00;$ 0.00
08 - CIENCIAS AGROPECUARIAS;1.2.13.01.004;31;Ingresos de Vigencias Anteriores - Extension;$ 0.00;$ 0.00;$ 0.00;$ 0.00;$ 17,762,500.00;$ 0.00;$ 0.00;$ 0.00;$ 0.00;$ 0.00;$ 0.00;$ 0.00
09 - INGENIERIA;1.1.02.02.116.01.02.01;31;Posgrado - Inscripciones ;$ 57,999,900.00;$ 8,279,700.00;$ 0.00;$ 2,152,500.00;$ 0.00;$ 16,297,500.00;$ 615,000.00;$ 55,042,500.00;$ 0.00;$ 0.00;$ 0.00;$ 0.00
09 - INGENIERIA;1.1.02.02.116.01.02.02;31;Posgrado - Derechos de grado;$ 0.00;$ 0.00;$ 875,500.00;$ 0.00;$ 0.00;$ 44,913,100.00;$ 102,433,500.00;$ 1,751,000.00;$ 0.00;$ 0.00;$ 0.00;$ 0.00
09 - INGENIERIA;1.1.02.02.116.01.02.03;31;Posgrado - Matrículas;$ 170,361,649.00;$ 1,966,636,191.00;$ 1,084,839,289.00;$ 152,999,884.00;$ 451,917,568.00;$ 78,222,316.00;$ 1,571,378,423.00;$ 1,754,765,528.00;$ 0.00;$ 0.00;$ 0.00;$ 0.00
09 - INGENIERIA;1.1.02.02.116.01.02.04;31;Posgrado - Certificaciones, constancias académicas y derechos complementarios;$ 5,945,900.00;$ 6,215,000.00;$ 4,139,500.00;$ 1,576,000.00;$ 2,565,100.00;$ 4,920,000.00;$ 6,869,000.00;$ 5,867,500.00;$ 0.00;$ 0.00;$ 0.00;$ 0.00
10 - DERECHO Y CIENCIAS SOCIALES;1.1.02.02.116.01.02.01;31;Posgrado - Inscripciones ;$ 1,230,000.00;$ 307,500.00;$ 0.00;$ 0.00;$ 0.00;$ 615,000.00;$ 0.00;$ 2,460,000.00;$ 0.00;$ 0.00;$ 0.00;$ 0.00
10 - DERECHO Y CIENCIAS SOCIALES;1.1.02.02.116.01.02.02;31;Posgrado - Derechos de grado;$ 0.00;$ 0.00;$ 0.00;$ 0.00;$ 0.00;$ 0.00;$ 4,377,500.00;$ 0.00;$ 0.00;$ 0.00;$ 0.00;$ 0.00
10 - DERECHO Y CIENCIAS SOCIALES;1.1.02.02.116.01.02.03;31;Posgrado - Matrículas;$ 28,441,530.00;$ 39,231,908.00;$ 43,825,830.00;$ 0.00;$ 10,003,470.00;$ 0.00;$ 69,192,600.00;$ 32,338,361.00;$ 0.00;$ 0.00;$ 0.00;$ 0.00
10 - DERECHO Y CIENCIAS SOCIALES;1.1.02.02.116.01.02.04;31;Posgrado - Certificaciones, constancias académicas y derechos complementarios;$ 1,006,500.00;$ 709,500.00;$ 94,500.00;$ 307,500.00;$ 0.00;$ 307,500.00;$ 475,500.00;$ 94,500.00;$ 0.00;$ 0.00;$ 0.00;$ 0.00
12 - SECCIONAL DUITAMA;1.1.02.02.116.01.02.01;31;Posgrado - Inscripciones ;$ 28,990,100.00;$ 7,072,500.00;$ 0.00;$ 7,995,000.00;$ 0.00;$ 5,842,500.00;$ 0.00;$ 47,355,000.00;$ 0.00;$ 0.00;$ 0.00;$ 0.00
12 - SECCIONAL DUITAMA;1.1.02.02.116.01.02.02;31;Posgrado - Derechos de grado;$ 0.00;$ 0.00;$ 4,377,500.00;$ 875,500.00;$ 0.00;$ 8,054,400.00;$ 75,555,600.00;$ 0.00;$ 0.00;$ 0.00;$ 0.00;$ 0.00
12 - SECCIONAL DUITAMA;1.1.02.02.116.01.02.03;31;Posgrado - Matrículas;$ 80,232,021.00;$ 805,927,615.00;$ 480,819,841.00;$ 66,848,232.00;$ 134,320,036.00;$ 35,396,038.00;$ 410,017,838.00;$ 937,131,373.00;$ 0.00;$ 0.00;$ 0.00;$ 0.00
12 - SECCIONAL DUITAMA;1.1.02.02.116.01.02.04;31;Posgrado - Certificaciones, constancias académicas y derechos complementarios;$ 909,000.00;$ 2,533,500.00;$ 948,500.00;$ 307,500.00;$ 412,600.00;$ 1,537,500.00;$ 4,375,000.00;$ 1,918,000.00;$ 0.00;$ 0.00;$ 0.00;$ 0.00
13 - SECCIONAL SOGAMOSO;1.1.02.02.116.01.02.01;31;Posgrado - Inscripciones ;$ 28,229,800.00;$ 5,535,000.00;$ 0.00;$ 0.00;$ 0.00;$ 7,380,000.00;$ 307,500.00;$ 35,055,000.00;$ 0.00;$ 0.00;$ 0.00;$ 0.00
13 - SECCIONAL SOGAMOSO;1.1.02.02.116.01.02.02;31;Posgrado - Derechos de grado;$ 0.00;$ 0.00;$ 1,751,000.00;$ 0.00;$ 4,377,500.00;$ 95,429,500.00;$ 1,751,000.00;$ 1,751,000.00;$ 0.00;$ 0.00;$ 0.00;$ 0.00
13 - SECCIONAL SOGAMOSO;1.1.02.02.116.01.02.03;31;Posgrado - Matrículas;$ 92,723,232.00;$ 1,088,628,550.00;$ 591,871,989.00;$ 57,971,089.00;$ 291,764,736.00;$ 22,409,272.00;$ 707,502,663.00;$ 972,028,960.00;$ 0.00;$ 0.00;$ 0.00;$ 0.00
13 - SECCIONAL SOGAMOSO;1.1.02.02.116.01.02.04;31;Posgrado - Certificaciones, constancias académicas y derechos complementarios;$ 1,740,500.00;$ 3,296,000.00;$ 1,347,500.00;$ 0.00;$ 28,000.00;$ 3,075,000.00;$ 4,864,500.00;$ 2,725,500.00;$ 0.00;$ 0.00;$ 0.00;$ 0.00
14 - SECCIONAL CHIQUINQUIRA;1.1.02.02.116.01.02.01;31;Posgrado - Inscripciones ;$ 1,230,000.00;$ 307,500.00;$ 0.00;$ 0.00;$ 0.00;$ 0.00;$ 0.00;$ 0.00;$ 0.00;$ 0.00;$ 0.00;$ 0.00
14 - SECCIONAL CHIQUINQUIRA;1.1.02.02.116.01.02.02;31;Posgrado - Derechos de grado;$ 0.00;$ 0.00;$ 0.00;$ 0.00;$ 0.00;$ 0.00;$ 0.00;$ 0.00;$ 0.00;$ 0.00;$ 0.00;$ 0.00
14 - SECCIONAL CHIQUINQUIRA;1.1.02.02.116.01.02.03;31;Posgrado - Matrículas;$ 0.00;$ 0.00;$ 0.00;$ 0.00;$ 0.00;$ 0.00;$ 0.00;$ 0.00;$ 0.00;$ 0.00;$ 0.00;$ 0.00
14 - SECCIONAL CHIQUINQUIRA;1.1.02.02.116.01.02.04;31;Posgrado - Certificaciones, constancias académicas y derechos complementarios;$ 0.00;$ 0.00;$ 0.00;$ 0.00;$ 0.00;$ 0.00;$ 307,500.00;$ 0.00;$ 0.00;$ 0.00;$ 0.00;$ 0.00
11 - ESTUDIOS TECNOLOGICOS Y A DISTANCIA;1.1.02.02.116.01.02.01;31;Posgrado - Inscripciones ;$ 55,196,600.00;$ 8,302,500.00;$ 0.00;$ 1,230,000.00;$ 0.00;$ 9,840,000.00;$ 307,500.00;$ 76,260,000.00;$ 0.00;$ 0.00;$ 0.00;$ 0.00
11 - ESTUDIOS TECNOLOGICOS Y A DISTANCIA;1.1.02.02.116.01.02.02;31;Posgrado - Derechos de grado;$ 0.00;$ 0.00;$ 875,500.00;$ 262,600.00;$ 2,013,600.00;$ 87,637,200.00;$ 74,417,500.00;$ 262,600.00;$ 0.00;$ 0.00;$ 0.00;$ 0.00
11 - ESTUDIOS TECNOLOGICOS Y A DISTANCIA;1.1.02.02.116.01.02.03;31;Posgrado - Matrículas;$ 161,865,834.00;$ 1,729,486,713.00;$ 897,699,644.00;$ 79,136,862.00;$ 325,872,559.00;$ 49,880,918.00;$ 1,140,387,894.00;$ 1,826,996,175.00;$ 0.00;$ 0.00;$ 0.00;$ 0.00
11 - ESTUDIOS TECNOLOGICOS Y A DISTANCIA;1.1.02.02.116.01.02.04;31;Posgrado - Certificaciones, constancias académicas y derechos complementarios;$ 3,198,000.00;$ 5,682,000.00;$ 1,655,500.00;$ 0.00;$ 307,500.00;$ 1,537,500.00;$ 7,175,500.00;$ 3,297,000.00;$ 0.00;$ 0.00;$ 0.00;$ 0.00
02 - INVESTIGACION Y EXTENSION;1.2.13.01.004;31;Ingresos de Vigencias Anteriores - Extension;$ 0.00;$ 0.00;$ 0.00;$ 0.00;$ 500,000.00;$ 0.00;$ 20,000,000.00;$ 0.00;$ 0.00;$ 0.00;$ 0.00;$ 0.00
01 - ADMINISTRATIVA Y FINANCIERA;1.1.02.05.001.09.01.01;32;Extension;$ 5,235,704,327.85;$ 1,015,924,195.50;$ 3,013,170,652.56;$ 986,720,295.35;$ 406,553,134.00;$ 109,466,880.00;$ 181,540,499.00;$ 89,289,250.00;$ 0.00;$ 0.00;$ 0.00;$ 0.00
04 - CIENCIAS DE LA EDUCACION;1.1.02.05.001.09.01.01;32;Extension;$ 12,500,000.00;$ 13,000,000.00;$ 0.00;$ 62,250,000.00;$ 0.00;$ 0.00;$ 0.00;$ 0.00;$ 0.00;$ 0.00;$ 0.00;$ 0.00
05 - CIENCIAS BASICAS;1.1.02.05.001.09.01.01;32;Extension;$ 0.00;$ 0.00;$ 11,750,000.00;$ 18,000.00;$ 37,236,800.00;$ 74,160.00;$ 7,696,184.00;$ 342,941.00;$ 0.00;$ 0.00;$ 0.00;$ 0.00
06 - CIENCIAS ECONOMICAS, ADMINISTRATIVAS Y CONTABLES;1.1.02.05.001.09.01.01;32;Extension;$ 54,000,000.00;$ 118,400,000.00;$ 33,000,000.00;$ 1,600,000.00;$ 4,800,000.00;$ 30,400,000.00;$ 4,800,000.00;$ 0.00;$ 0.00;$ 0.00;$ 0.00;$ 0.00
07 - CIENCIAS DE LA SALUD;1.1.02.05.001.09.01.01;32;Extension;$ 0.00;$ 75,000.00;$ 75,000.00;$ 75,000.00;$ 225,000.00;$ 0.00;$ 0.00;$ 0.00;$ 0.00;$ 0.00;$ 0.00;$ 0.00
08 - CIENCIAS AGROPECUARIAS;1.1.02.05.001.09.01.01;32;Extension;$ 2,311,700.00;$ 21,916,600.00;$ 7,785,350.00;$ 3,892,000.00;$ 12,666,800.00;$ 4,998,000.00;$ 21,615,000.00;$ 22,675,000.00;$ 0.00;$ 0.00;$ 0.00;$ 0.00
09 - INGENIERIA;1.1.02.05.001.09.01.01;32;Extension;$ 0.00;$ 0.00;$ 560,000.00;$ 14,024,480.00;$ 13,434,500.00;$ 6,219,850.00;$ 515,880.00;$ 50,000.00;$ 0.00;$ 0.00;$ 0.00;$ 0.00
12 - SECCIONAL DUITAMA;1.1.02.05.001.09.01.01;32;Extension;$ 29,650,000.00;$ 12,000,000.00;$ 0.00;$ 8,586,925.00;$ 4,157,463.00;$ 2,250,000.00;$ 8,250,000.00;$ 9,759,353.00;$ 0.00;$ 0.00;$ 0.00;$ 0.00
13 - SECCIONAL SOGAMOSO;1.1.02.05.001.09.01.01;32;Extension;$ 53,935,354.00;$ 55,722,052.00;$ 27,411,855.00;$ 39,430,698.00;$ 15,474,799.00;$ 29,463,283.00;$ 33,366,339.00;$ 38,060,041.00;$ 0.00;$ 0.00;$ 0.00;$ 0.00
11 - ESTUDIOS TECNOLOGICOS Y A DISTANCIA;1.1.02.05.001.09.01.01;32;Extension;$ 0.00;$ 0.00;$ 0.00;$ 0.00;$ 0.00;$ 1,598,876.00;$ 0.00;$ 0.00;$ 0.00;$ 0.00;$ 0.00;$ 0.00
02 - INVESTIGACION Y EXTENSION;1.1.02.05.001.00;32;Agricultura, silvicultura y productos de la pesca;$ 0.00;$ 0.00;$ 0.00;$ 0.00;$ 0.00;$ 0.00;$ 0.00;$ 0.00;$ 0.00;$ 0.00;$ 0.00;$ 0.00
02 - INVESTIGACION Y EXTENSION;1.1.02.05.001.09.01.01;32;Extension;$ 16,423,717.00;$ 5,859,000.00;$ 0.00;$ 837,000.00;$ 20,280,000.00;$ 0.00;-$ 19,119,000.00;$ 837,000.00;$ 0.00;$ 0.00;$ 0.00;$ 0.00
02 - INVESTIGACION Y EXTENSION;1.1.02.05.002.00;32;Agricultura, silvicultura y productos de la pesca;$ 18,678,100.00;$ 33,726,111.74;$ 63,407,260.28;$ 42,784,326.38;$ 41,681,431.59;$ 15,513,000.00;$ 73,949,453.60;$ 44,023,162.86;$ 0.00;$ 0.00;$ 0.00;$ 0.00
15 - SEDE REGIONAL AGUAZUL;1.1.02.05.001.09.01.01;32;Extension;$ 58,820,000.00;$ 8,618,000.00;$ 3,614,000.00;$ 0.00;$ 7,784,000.00;$ 1,112,000.00;$ 4,448,000.00;$ 1,946,000.00;$ 0.00;$ 0.00;$ 0.00;$ 0.00
01 - ADMINISTRATIVA Y FINANCIERA;1.1.02.05.001.08.01;33;Convenios con derechos económicos;$ 0.00;$ 0.00;$ 0.00;$ 0.00;$ 0.00;$ 0.00;$ 0.00;$ 0.00;$ 0.00;$ 0.00;$ 0.00;$ 0.00
01 - ADMINISTRATIVA Y FINANCIERA;1.1.02.05.001.08.01;33;Convenios con derechos económicos;$ 0.00;$ 162,106,505.10;$ 0.00;$ 150,013,034.48;$ 5,681,130,455.10;$ 2,172,841,519.26;$ 1,006,576,229.23;$ 1,041,964,165.28;$ 0.00;$ 0.00;$ 0.00;$ 0.00
01 - ADMINISTRATIVA Y FINANCIERA;1.2.05.02.008;33;Rendimientos Financieros - Convenios con derechos;$ 5,002,398.53;$ 3,877,803.61;$ 16,740,492.51;$ 8,872,909.34;$ 9,298,144.04;$ 5,360,342.69;$ 8,591,674.48;$ 7,141,962.92;$ 0.00;$ 0.00;$ 0.00;$ 0.00
01 - ADMINISTRATIVA Y FINANCIERA;1.2.10.02.005;33;Recursos del balance - Convenios con derechos;$ 0.00;$ 0.00;$ 0.00;$ 0.00;$ 0.00;$ 0.00;$ 0.00;$ 0.00;$ 0.00;$ 0.00;$ 0.00;$ 0.00
04 - CIENCIAS DE LA EDUCACION;1.1.02.05.001.08.01;33;Convenios con derechos económicos;$ 0.00;$ 0.00;$ 0.00;$ 0.00;$ 0.00;$ 0.00;$ 0.00;$ 0.00;$ 0.00;$ 0.00;$ 0.00;$ 0.00
04 - CIENCIAS DE LA EDUCACION;1.1.02.05.001.08.01;33;Convenios con derechos económicos;$ 0.00;$ 0.00;$ 0.00;$ 0.00;$ 0.00;$ 0.00;$ 0.00;$ 0.00;$ 0.00;$ 0.00;$ 0.00;$ 0.00
04 - CIENCIAS DE LA EDUCACION;1.1.02.05.001.08.01;33;Convenios con derechos económicos;$ 0.00;$ 0.00;$ 0.00;$ 0.00;$ 0.00;$ 0.00;$ 0.00;$ 0.00;$ 0.00;$ 0.00;$ 0.00;$ 0.00
04 - CIENCIAS DE LA EDUCACION;1.1.02.05.001.08.01;33;Convenios con derechos económicos;$ 0.00;$ 0.00;$ 0.00;$ 0.00;$ 0.00;$ 0.00;$ 0.00;$ 0.00;$ 0.00;$ 0.00;$ 0.00;$ 0.00
04 - CIENCIAS DE LA EDUCACION;1.1.02.05.001.08.01;33;Convenios con derechos económicos;$ 0.00;$ 0.00;$ 0.00;$ 0.00;$ 0.00;$ 0.00;$ 0.00;$ 0.00;$ 0.00;$ 0.00;$ 0.00;$ 0.00
04 - CIENCIAS DE LA EDUCACION;1.1.02.05.001.08.01;33;Convenios con derechos económicos;$ 0.00;$ 0.00;$ 0.00;$ 0.00;$ 0.00;$ 0.00;$ 0.00;$ 0.00;$ 0.00;$ 0.00;$ 0.00;$ 0.00
04 - CIENCIAS DE LA EDUCACION;1.1.02.05.001.08.01;33;Convenios con derechos económicos;$ 0.00;$ 0.00;$ 0.00;$ 0.00;$ 0.00;$ 0.00;$ 0.00;$ 0.00;$ 0.00;$ 0.00;$ 0.00;$ 0.00
04 - CIENCIAS DE LA EDUCACION;1.1.02.05.001.08.01;33;Convenios con derechos económicos;$ 0.00;$ 0.00;$ 6,500,000.00;-$ 6,500,000.00;$ 7,612,500.00;$ 0.00;$ 0.00;$ 0.00;$ 0.00;$ 0.00;$ 0.00;$ 0.00
04 - CIENCIAS DE LA EDUCACION;1.1.02.05.001.08.01;33;Convenios con derechos económicos;$ 0.00;$ 0.00;$ 0.00;$ 0.00;$ 0.00;$ 0.00;$ 0.00;$ 0.00;$ 0.00;$ 0.00;$ 0.00;$ 0.00
04 - CIENCIAS DE LA EDUCACION;1.2.10.02.005;33;Recursos del balance - Convenios con derechos;$ 0.00;$ 0.00;$ 0.00;$ 0.00;$ 0.00;$ 0.00;$ 0.00;$ 0.00;$ 0.00;$ 0.00;$ 0.00;$ 0.00
06 - CIENCIAS ECONOMICAS, ADMINISTRATIVAS Y CONTABLES;1.1.02.05.001.08.01;33;Convenios con derechos económicos;$ 0.00;$ 0.00;$ 0.00;$ 0.00;$ 0.00;$ 0.00;$ 0.00;$ 0.00;$ 0.00;$ 0.00;$ 0.00;$ 0.00
06 - CIENCIAS ECONOMICAS, ADMINISTRATIVAS Y CONTABLES;1.1.02.05.001.08.01;33;Convenios con derechos económicos;$ 0.00;$ 0.00;$ 0.00;$ 0.00;$ 0.00;$ 0.00;$ 0.00;$ 0.00;$ 0.00;$ 0.00;$ 0.00;$ 0.00
06 - CIENCIAS ECONOMICAS, ADMINISTRATIVAS Y CONTABLES;1.1.02.05.001.08.01;33;Convenios con derechos económicos;$ 0.00;$ 0.00;$ 0.00;$ 0.00;$ 0.00;$ 0.00;$ 0.00;$ 0.00;$ 0.00;$ 0.00;$ 0.00;$ 0.00
06 - CIENCIAS ECONOMICAS, ADMINISTRATIVAS Y CONTABLES;1.1.02.05.001.08.01;33;Convenios con derechos económicos;$ 0.00;$ 0.00;$ 0.00;$ 0.00;$ 0.00;$ 0.00;$ 0.00;$ 0.00;$ 0.00;$ 0.00;$ 0.00;$ 0.00
06 - CIENCIAS ECONOMICAS, ADMINISTRATIVAS Y CONTABLES;1.1.02.05.001.08.01;33;Convenios con derechos económicos;$ 0.00;$ 0.00;$ 0.00;$ 0.00;$ 0.00;$ 0.00;$ 0.00;$ 0.00;$ 0.00;$ 0.00;$ 0.00;$ 0.00
06 - CIENCIAS ECONOMICAS, ADMINISTRATIVAS Y CONTABLES;1.1.02.05.001.08.01;33;Convenios con derechos económicos;$ 0.00;$ 0.00;$ 0.00;$ 0.00;$ 0.00;$ 0.00;$ 0.00;$ 0.00;$ 0.00;$ 0.00;$ 0.00;$ 0.00
06 - CIENCIAS ECONOMICAS, ADMINISTRATIVAS Y CONTABLES;1.1.02.05.001.08.01;33;Convenios con derechos económicos;$ 0.00;$ 0.00;$ 0.00;$ 0.00;$ 0.00;$ 0.00;$ 0.00;$ 0.00;$ 0.00;$ 0.00;$ 0.00;$ 0.00
06 - CIENCIAS ECONOMICAS, ADMINISTRATIVAS Y CONTABLES;1.1.02.05.001.08.01;33;Convenios con derechos económicos;$ 0.00;$ 8,500,000.00;$ 0.00;$ 0.00;$ 40,000,000.00;$ 0.00;$ 0.00;$ 3,500,000.00;$ 0.00;$ 0.00;$ 0.00;$ 0.00
06 - CIENCIAS ECONOMICAS, ADMINISTRATIVAS Y CONTABLES;1.2.10.02.005;33;Recursos del balance - Convenios con derechos;$ 0.00;$ 0.00;$ 0.00;$ 0.00;$ 0.00;$ 0.00;$ 0.00;$ 0.00;$ 0.00;$ 0.00;$ 0.00;$ 0.00
07 - CIENCIAS DE LA SALUD;1.1.02.05.001.08.01;33;Convenios con derechos económicos;$ 0.00;$ 0.00;$ 0.00;$ 0.00;$ 0.00;$ 0.00;$ 20,400,000.00;$ 0.00;$ 0.00;$ 0.00;$ 0.00;$ 0.00
08 - CIENCIAS AGROPECUARIAS;1.1.02.05.001.08.01;33;Convenios con derechos económicos;$ 0.00;$ 0.00;$ 0.00;$ 0.00;$ 0.00;$ 0.00;$ 0.00;$ 0.00;$ 0.00;$ 0.00;$ 0.00;$ 0.00
08 - CIENCIAS AGROPECUARIAS;1.2.10.02.005;33;Recursos del balance - Convenios con derechos;$ 0.00;$ 0.00;$ 0.00;$ 0.00;$ 0.00;$ 0.00;$ 0.00;$ 0.00;$ 0.00;$ 0.00;$ 0.00;$ 0.00
09 - INGENIERIA;1.1.02.05.001.08.01;33;Convenios con derechos económicos;$ 0.00;$ 0.00;$ 0.00;$ 0.00;$ 0.00;$ 0.00;$ 0.00;$ 0.00;$ 0.00;$ 0.00;$ 0.00;$ 0.00
09 - INGENIERIA;1.1.02.05.001.08.01;33;Convenios con derechos económicos;$ 0.00;$ 0.00;$ 0.00;$ 0.00;$ 0.00;$ 0.00;$ 0.00;$ 0.00;$ 0.00;$ 0.00;$ 0.00;$ 0.00
09 - INGENIERIA;1.1.02.05.001.08.01;33;Convenios con derechos económicos;$ 0.00;$ 0.00;$ 0.00;$ 0.00;$ 0.00;$ 0.00;$ 0.00;$ 0.00;$ 0.00;$ 0.00;$ 0.00;$ 0.00
09 - INGENIERIA;1.2.10.02.005;33;Recursos del balance - Convenios con derechos;$ 0.00;$ 0.00;$ 0.00;$ 0.00;$ 0.00;$ 0.00;$ 0.00;$ 0.00;$ 0.00;$ 0.00;$ 0.00;$ 0.00
10 - DERECHO Y CIENCIAS SOCIALES;1.1.02.05.001.08.01;33;Convenios con derechos económicos;$ 0.00;$ 0.00;$ 0.00;$ 0.00;$ 0.00;$ 0.00;$ 0.00;$ 0.00;$ 0.00;$ 0.00;$ 0.00;$ 0.00
10 - DERECHO Y CIENCIAS SOCIALES;1.2.10.02.005;33;Recursos del balance - Convenios con derechos;$ 0.00;$ 0.00;$ 0.00;$ 0.00;$ 0.00;$ 0.00;$ 0.00;$ 0.00;$ 0.00;$ 0.00;$ 0.00;$ 0.00
12 - SECCIONAL DUITAMA;1.1.02.05.001.08.01;33;Convenios con derechos económicos;$ 0.00;$ 0.00;$ 0.00;$ 0.00;$ 0.00;$ 0.00;$ 0.00;$ 0.00;$ 0.00;$ 0.00;$ 0.00;$ 0.00
12 - SECCIONAL DUITAMA;1.1.02.05.001.08.01;33;Convenios con derechos económicos;$ 0.00;$ 0.00;$ 0.00;$ 0.00;$ 0.00;$ 0.00;$ 0.00;$ 0.00;$ 0.00;$ 0.00;$ 0.00;$ 0.00
12 - SECCIONAL DUITAMA;1.1.02.05.001.08.01;33;Convenios con derechos económicos;$ 0.00;$ 0.00;$ 0.00;$ 0.00;$ 0.00;$ 0.00;$ 0.00;$ 0.00;$ 0.00;$ 0.00;$ 0.00;$ 0.00
12 - SECCIONAL DUITAMA;1.1.02.05.001.08.01;33;Convenios con derechos económicos;$ 0.00;$ 0.00;$ 0.00;$ 0.00;$ 0.00;$ 0.00;$ 0.00;$ 0.00;$ 0.00;$ 0.00;$ 0.00;$ 0.00
12 - SECCIONAL DUITAMA;1.1.02.05.001.08.01;33;Convenios con derechos económicos;$ 0.00;$ 1,584,000.00;$ 18,262,827.08;$ 0.00;$ 51,500,000.00;$ 0.00;$ 0.00;$ 0.00;$ 0.00;$ 0.00;$ 0.00;$ 0.00
12 - SECCIONAL DUITAMA;1.2.10.02.005;33;Recursos del balance - Convenios con derechos;$ 0.00;$ 0.00;$ 0.00;$ 0.00;$ 0.00;$ 0.00;$ 0.00;$ 0.00;$ 0.00;$ 0.00;$ 0.00;$ 0.00
13 - SECCIONAL SOGAMOSO;1.1.02.05.001.08.01;33;Convenios con derechos económicos;$ 0.00;$ 0.00;$ 0.00;$ 0.00;$ 0.00;$ 0.00;$ 0.00;$ 0.00;$ 0.00;$ 0.00;$ 0.00;$ 0.00
13 - SECCIONAL SOGAMOSO;1.1.02.05.001.08.01;33;Convenios con derechos económicos;$ 0.00;$ 0.00;$ 0.00;$ 0.00;$ 0.00;$ 0.00;$ 0.00;$ 0.00;$ 0.00;$ 0.00;$ 0.00;$ 0.00
13 - SECCIONAL SOGAMOSO;1.1.02.05.001.08.01;33;Convenios con derechos económicos;$ 0.00;$ 0.00;$ 0.00;$ 0.00;$ 0.00;$ 0.00;$ 0.00;$ 0.00;$ 0.00;$ 0.00;$ 0.00;$ 0.00
13 - SECCIONAL SOGAMOSO;1.1.02.05.001.08.01;33;Convenios con derechos económicos;$ 0.00;$ 0.00;$ 0.00;$ 0.00;$ 0.00;$ 0.00;$ 150,871,644.00;$ 0.00;$ 0.00;$ 0.00;$ 0.00;$ 0.00
13 - SECCIONAL SOGAMOSO;1.1.02.05.001.08.01;33;Convenios con derechos económicos;$ 0.00;$ 0.00;$ 0.00;$ 0.00;$ 0.00;$ 0.00;$ 0.00;$ 0.00;$ 0.00;$ 0.00;$ 0.00;$ 0.00
13 - SECCIONAL SOGAMOSO;1.2.05.02.008;33;Rendimientos Financieros - Convenios con derechos;$ 6,843.00;$ 78,295.00;$ 47,324.00;$ 29,184.00;$ 13,596.00;$ 5,189.00;$ 21,094.00;$ 29,168.00;$ 0.00;$ 0.00;$ 0.00;$ 0.00
13 - SECCIONAL SOGAMOSO;1.2.10.02.005;33;Recursos del balance - Convenios con derechos;$ 0.00;$ 0.00;$ 0.00;$ 0.00;$ 0.00;$ 0.00;$ 0.00;$ 0.00;$ 0.00;$ 0.00;$ 0.00;$ 0.00
02 - INVESTIGACION Y EXTENSION;1.1.02.05.001.08.01;33;Convenios con derechos económicos;$ 0.00;$ 150,000,000.00;$ 3,828,209,250.00;$ 1,257,483,525.00;$ 64,947,666.04;$ 12,007,833.60;$ 6,857,661,428.04;$ 3,177,262,885.00;$ 0.00;$ 0.00;$ 0.00;$ 0.00
02 - INVESTIGACION Y EXTENSION;1.1.02.05.001.08.01;33;Convenios con derechos económicos;$ 0.00;$ 0.00;$ 0.00;$ 0.00;$ 0.00;$ 0.00;$ 0.00;$ 0.00;$ 0.00;$ 0.00;$ 0.00;$ 0.00
02 - INVESTIGACION Y EXTENSION;1.1.02.05.001.08.01;33;Convenios con derechos económicos;$ 0.00;$ 0.00;$ 0.00;$ 0.00;$ 0.00;$ 0.00;$ 0.00;$ 0.00;$ 0.00;$ 0.00;$ 0.00;$ 0.00
02 - INVESTIGACION Y EXTENSION;1.1.02.05.001.09.01.04;33;Investigacion;$ 0.00;$ 453,288,000.00;$ 218,240,000.00;$ 102,862,000.00;$ 0.00;$ 427,200,000.00;$ 141,067,000.00;$ 197,321,939.00;$ 0.00;$ 0.00;$ 0.00;$ 0.00
02 - INVESTIGACION Y EXTENSION;1.2.05.02.008;33;Rendimientos Financieros - Convenios con derechos;$ 417,711.00;$ 616,678.00;$ 542,445.00;$ 540,403.00;$ 0.00;$ 861,973.00;$ 0.00;$ 1,693,158.00;$ 0.00;$ 0.00;$ 0.00;$ 0.00
02 - INVESTIGACION Y EXTENSION;1.2.10.02.005;33;Recursos del balance - Convenios con derechos;$ 0.00;$ 0.00;$ 0.00;$ 0.00;$ 0.00;$ 0.00;$ 0.00;$ 0.00;$ 0.00;$ 0.00;$ 0.00;$ 0.00
15 - SEDE REGIONAL AGUAZUL;1.1.02.05.001.08.01;33;Convenios con derechos económicos;$ 0.00;$ 0.00;$ 0.00;$ 0.00;$ 0.00;$ 0.00;$ 0.00;$ 0.00;$ 0.00;$ 0.00;$ 0.00;$ 0.00
15 - SEDE REGIONAL AGUAZUL;1.1.02.05.001.08.01;33;Convenios con derechos económicos;$ 0.00;$ 0.00;$ 0.00;$ 0.00;$ 0.00;$ 0.00;$ 0.00;$ 215,643,863.00;$ 0.00;$ 0.00;$ 0.00;$ 0.00
01 - ADMINISTRATIVA Y FINANCIERA;1.1.02.05.001.08.02;34;Convenios sin derechos económicos;$ 0.00;$ 0.00;$ 0.00;$ 0.00;$ 24,250,000.00;$ 0.00;$ 0.00;$ 0.00;$ 0.00;$ 0.00;$ 0.00;$ 0.00
01 - ADMINISTRATIVA Y FINANCIERA;1.2.10.02.008;34;Recursos del balance - Convenios sin derechos;$ 0.00;$ 0.00;$ 0.00;$ 0.00;$ 0.00;$ 0.00;$ 0.00;$ 0.00;$ 0.00;$ 0.00;$ 0.00;$ 0.00
04 - CIENCIAS DE LA EDUCACION;1.1.02.05.001.08.02;34;Convenios sin derechos económicos;$ 0.00;$ 0.00;$ 0.00;$ 0.00;$ 0.00;$ 0.00;$ 0.00;$ 0.00;$ 0.00;$ 0.00;$ 0.00;$ 0.00
04 - CIENCIAS DE LA EDUCACION;1.2.10.02.008;34;Recursos del balance - Convenios sin derechos;$ 0.00;$ 0.00;$ 0.00;$ 0.00;$ 0.00;$ 0.00;$ 0.00;$ 0.00;$ 0.00;$ 0.00;$ 0.00;$ 0.00
09 - INGENIERIA;1.1.02.05.001.08.02;34;Convenios sin derechos económicos;$ 0.00;$ 0.00;$ 0.00;$ 0.00;$ 0.00;$ 0.00;$ 0.00;$ 0.00;$ 0.00;$ 0.00;$ 0.00;$ 0.00
12 - SECCIONAL DUITAMA;1.1.02.05.001.08.02;34;Convenios sin derechos económicos;$ 0.00;$ 0.00;$ 0.00;$ 0.00;$ 0.00;$ 0.00;$ 0.00;$ 0.00;$ 0.00;$ 0.00;$ 0.00;$ 0.00
02 - INVESTIGACION Y EXTENSION;1.1.02.05.001.08.02;34;Convenios sin derechos económicos;$ 0.00;$ 0.00;$ 0.00;$ 0.00;$ 0.00;$ 0.00;$ 0.00;$ 0.00;$ 0.00;$ 0.00;$ 0.00;$ 0.00
02 - INVESTIGACION Y EXTENSION;1.1.02.05.001.08.02;34;Convenios sin derechos económicos;$ 0.00;$ 0.00;$ 0.00;$ 0.00;$ 0.00;$ 0.00;$ 0.00;$ 0.00;$ 0.00;$ 0.00;$ 0.00;$ 0.00
02 - INVESTIGACION Y EXTENSION;1.2.10.02.008;34;Recursos del balance - Convenios sin derechos;$ 0.00;$ 0.00;$ 0.00;$ 0.00;$ 0.00;$ 0.00;$ 0.00;$ 0.00;$ 0.00;$ 0.00;$ 0.00;$ 0.00
04 - CIENCIAS DE LA EDUCACION;1.1.02.05.001.09.01.05;35;Educación continuada;$ 0.00;$ 0.00;$ 0.00;$ 18,900,000.00;$ 25,200,000.00;$ 0.00;$ 0.00;$ 0.00;$ 0.00;$ 0.00;$ 0.00;$ 0.00
05 - CIENCIAS BASICAS;1.1.02.05.001.09.01.05;35;Educación continuada;$ 0.00;$ 0.00;$ 0.00;$ 0.00;$ 0.00;$ 420,240.00;$ 0.00;$ 170,118.00;$ 0.00;$ 0.00;$ 0.00;$ 0.00
06 - CIENCIAS ECONOMICAS, ADMINISTRATIVAS Y CONTABLES;1.1.02.05.001.09.01.05;35;Educación continuada;$ 0.00;$ 0.00;$ 0.00;$ 0.00;$ 1,600,000.00;$ 3,200,000.00;$ 0.00;$ 0.00;$ 0.00;$ 0.00;$ 0.00;$ 0.00
07 - CIENCIAS DE LA SALUD;1.1.02.05.001.09.01.05;35;Educación continuada;$ 87,142,705.00;$ 1,000,000.00;$ 0.00;$ 9,000,000.00;$ 71,000,000.00;$ 7,900,000.00;$ 6,000,000.00;$ 8,150,000.00;$ 0.00;$ 0.00;$ 0.00;$ 0.00
08 - CIENCIAS AGROPECUARIAS;1.1.02.05.001.09.01.05;35;Educación continuada;$ 0.00;$ 0.00;$ 0.00;$ 0.00;$ 0.00;$ 0.00;$ 0.00;$ 0.00;$ 0.00;$ 0.00;$ 0.00;$ 0.00
09 - INGENIERIA;1.1.02.05.001.09.01.05;35;Educación continuada;$ 0.00;$ 0.00;$ 0.00;$ 2,500,000.00;$ 1,875,000.00;$ 0.00;$ 0.00;$ 0.00;$ 0.00;$ 0.00;$ 0.00;$ 0.00
10 - DERECHO Y CIENCIAS SOCIALES;1.1.02.05.001.09.01.05;35;Educación continuada;$ 0.00;$ 0.00;$ 0.00;$ 3,600,000.00;$ 23,400,000.00;$ 44,534,000.00;$ 0.00;$ 0.00;$ 0.00;$ 0.00;$ 0.00;$ 0.00
12 - SECCIONAL DUITAMA;1.1.02.05.001.09.01.05;35;Educación continuada;$ 0.00;$ 0.00;$ 17,075,000.00;$ 17,245,000.00;$ 16,400,000.00;$ 19,507,000.00;$ 13,277,000.00;$ 5,378,000.00;$ 0.00;$ 0.00;$ 0.00;$ 0.00
13 - SECCIONAL SOGAMOSO;1.1.02.05.001.09.01.05;35;Educación continuada;$ 11,250,000.00;$ 32,749,000.00;$ 15,439,000.00;$ 13,190,000.00;$ 10,146,000.00;$ 13,996,000.00;$ 15,894,000.00;$ 17,858,000.00;$ 0.00;$ 0.00;$ 0.00;$ 0.00
14 - SECCIONAL CHIQUINQUIRA;1.1.02.05.001.09.01.05;35;Educación continuada;$ 0.00;$ 3,949,000.00;$ 2,154,000.00;$ 0.00;$ 0.00;$ 0.00;$ 0.00;$ 0.00;$ 0.00;$ 0.00;$ 0.00;$ 0.00
11 - ESTUDIOS TECNOLOGICOS Y A DISTANCIA;1.1.02.05.001.09.01.05;35;Educación continuada;$ 529,546,146.00;$ 14,389,880.00;$ 4,796,628.00;$ 0.00;$ 0.00;$ 1,598,876.00;$ 597,019,915.32;$ 2,092,677.00;$ 0.00;$ 0.00;$ 0.00;$ 0.00
02 - INVESTIGACION Y EXTENSION;1.1.02.05.001.09.01.05;35;Educación continuada;$ 22,472,000.00;$ 81,911,399.00;$ 38,747,000.00;$ 31,713,000.00;$ 38,834,236.00;$ 50,857,000.00;$ 59,795,984.00;$ 42,712,000.00;$ 0.00;$ 0.00;$ 0.00;$ 0.00
15 - SEDE REGIONAL AGUAZUL;1.1.02.05.001.09.01.05;35;Educación continuada;$ 0.00;$ 6,497,000.00;$ 3,150,000.00;$ 0.00;$ 718,000.00;$ 1,077,000.00;$ 637,000.00;$ 1,795,000.00;$ 0.00;$ 0.00;$ 0.00;$ 0.00
01 - ADMINISTRATIVA Y FINANCIERA;1.1.01.02.300.32;40;Estampilla pro Universidad Pedagógica y Tecnológica de Colombia;$ 175,059,703.00;$ 400,824,260.00;$ 475,536,053.00;$ 553,705,834.00;$ 495,504,142.00;$ 517,889,991.00;$ 439,030,198.00;$ 408,820,302.00;$ 0.00;$ 0.00;$ 0.00;$ 0.00
01 - ADMINISTRATIVA Y FINANCIERA;1.2.10.02.006;40;Recursos del balance - Estampilla UPTC;$ 0.00;$ 0.00;$ 0.00;$ 0.00;$ 0.00;$ 0.00;$ 0.00;$ 0.00;$ 0.00;$ 0.00;$ 0.00;$ 0.00
